previous_units,current_units,people,acs,fans,fridges,tvs,month,bill
90,177.4,4,3,7,1,1,3,2638.05
398,367.3,5,3,7,2,2,6,5219.79
344,304.2,7,1,7,1,4,7,4193.17
247,299.2,6,1,1,1,0,3,3333.64
244,333.2,2,3,5,1,3,9,4065.39
436,458.8,1,0,5,2,4,12,4906.57
88,30.0,5,0,1,2,4,1,766.95
363,287.8,4,1,7,2,1,2,3416.73
140,60.1,7,2,3,1,1,12,1530.8
92,30.0,5,0,7,1,4,8,995.8
286,313.7,4,1,1,2,2,12,3420.2
489,587.8,3,3,5,1,2,9,6397.27
381,400.1,1,0,1,1,2,9,4001.79
392,253.8,7,0,7,1,2,2,3318.78
372,378.6,6,1,5,2,3,7,5020.38
403,411.6,2,0,1,2,2,5,4808.89
280,446.7,5,0,2,1,1,11,4403.61
107,30.0,3,0,3,2,2,1,804.82
427,419.7,4,0,1,1,3,1,4436.74
252,391.4,6,3,1,2,4,7,5160.83
275,326.5,6,0,7,2,2,12,3500.83
216,275.4,2,2,7,1,3,12,3134.43
132,160.0,3,2,4,1,2,8,2282.45
467,510.1,6,2,7,2,3,6,6557.36
401,475.4,7,2,5,1,1,4,6018.82
339,302.3,1,1,1,2,2,12,3474.44
231,312.5,6,3,6,2,0,3,3765.14
420,343.9,4,0,1,1,1,2,3773.98
295,338.0,5,0,6,2,3,7,4599.28
249,281.5,1,3,3,1,0,5,4041.97
252,228.9,5,0,1,2,1,6,3044.0
152,170.4,5,0,2,1,3,11,2020.97
91,67.4,5,0,5,2,4,4,1121.92
299,244.0,6,0,6,1,2,11,3058.69
449,444.2,7,0,4,2,2,3,4887.02
78,30.0,6,2,2,1,2,4,1234.93
436,478.6,6,2,7,2,3,1,5204.88
422,361.5,7,0,6,1,2,9,3928.02
174,243.8,5,3,3,2,0,11,3191.6
334,271.3,5,0,4,1,2,11,3130.71
124,104.4,4,2,7,1,1,3,1885.54
391,367.3,6,3,3,1,3,10,4455.25
365,477.8,1,2,1,2,0,2,5131.65
209,252.1,4,1,2,1,3,8,2981.54
80,85.2,3,0,5,2,0,9,1383.92
486,540.9,7,0,7,2,4,2,5459.9
250,122.5,1,3,6,1,3,2,2040.35
451,468.0,5,1,5,2,0,1,5014.92
355,514.8,2,0,3,2,4,9,5284.12
400,429.3,7,2,4,1,2,8,5071.63
391,415.8,6,2,1,2,3,2,4697.67
137,195.4,2,0,3,2,0,7,2458.25
213,295.7,7,0,5,1,0,10,2990.68
260,140.2,4,0,7,2,4,3,2182.08
274,176.2,7,0,7,1,2,8,2318.92
69,103.7,6,2,6,1,3,4,2427.65
295,265.0,1,0,1,2,4,4,3336.73
119,230.8,2,2,6,1,2,5,3457.34
384,381.9,3,0,2,1,1,5,4702.1
357,241.6,2,3,5,1,4,6,3696.19
465,396.2,1,2,7,2,0,3,4585.02
385,212.5,7,1,7,2,2,5,3543.35
214,217.6,7,1,5,2,4,8,2816.18
485,491.8,4,0,3,1,1,5,5934.36
234,224.3,2,0,4,1,1,8,2640.87
196,291.5,2,2,5,1,2,2,3433.24
457,560.9,7,0,4,1,0,2,5675.77
216,224.1,3,2,3,2,0,11,2695.6
84,30.0,1,1,3,1,1,6,991.06
261,324.2,3,0,5,2,4,8,3554.85
408,466.9,4,2,1,1,1,9,4800.85
135,176.7,5,2,7,1,3,2,2489.9
258,346.7,3,2,1,2,2,12,3886.95
108,46.5,7,0,7,2,3,6,1206.68
358,518.6,5,2,1,1,1,11,5375.26
264,216.8,7,3,4,1,4,6,3547.0
198,270.4,3,1,3,1,1,5,3714.1
152,53.9,5,3,5,2,3,8,1664.68
304,258.9,3,2,4,2,4,3,3438.95
351,477.1,5,1,7,2,2,8,5065.66
473,474.7,6,3,1,2,3,12,5214.57
246,324.8,3,3,7,2,0,8,3979.2
122,158.6,7,0,5,1,2,1,1948.83
424,436.7,7,3,6,1,1,9,5047.08
333,448.5,7,0,1,2,4,1,4552.69
365,368.4,2,0,1,1,4,2,3899.89
93,30.0,6,0,3,1,3,4,1164.66
190,153.8,1,1,3,2,4,4,2539.51
395,453.6,1,3,6,2,4,1,5330.73
424,471.7,7,2,7,1,3,1,5492.98
245,155.3,2,2,3,2,2,10,2073.0
412,381.3,7,0,6,2,1,6,4737.4
428,407.3,4,2,1,1,4,3,4398.31
224,218.4,3,1,6,1,0,6,3134.63
454,377.7,1,1,1,2,0,9,4078.66
179,155.0,5,1,5,1,4,9,2134.21
157,126.0,6,0,3,2,0,4,1994.07
357,431.0,4,3,3,1,0,3,4868.57
336,412.6,6,2,2,1,2,12,4399.6
112,121.8,3,1,3,1,2,8,1573.04
424,416.6,4,0,7,1,0,12,4424.72
139,168.8,3,3,6,2,1,4,3011.85
412,374.8,5,1,3,1,1,2,4188.04
53,30.0,1,1,3,1,1,5,862.49
408,362.2,4,2,4,1,0,4,4565.9
404,379.6,4,0,5,2,3,9,4280.54
401,339.6,4,2,2,2,2,9,3963.25
349,380.3,4,3,6,2,4,1,4421.93
262,333.1,5,1,7,2,0,8,3549.82
367,275.9,4,0,6,2,3,5,3607.13
174,195.8,2,0,4,2,4,8,2220.68
401,405.6,2,0,3,2,2,5,4891.22
300,343.9,5,2,3,1,3,7,4430.83
256,275.1,7,1,6,2,2,9,3366.26
277,195.2,6,0,4,2,2,4,2867.78
305,236.6,5,2,1,2,4,3,3405.03
66,88.1,7,0,5,2,2,9,1222.76
112,204.0,7,1,1,1,2,12,2487.7
160,30.0,4,3,7,1,4,6,1665.38
101,145.2,1,0,3,2,2,12,1634.18
247,350.3,5,0,3,1,0,3,3645.07
350,359.3,5,1,1,2,3,10,4132.51
344,402.5,2,2,2,2,3,12,4479.0
261,231.8,6,0,7,1,1,4,3365.25
434,445.6,7,3,4,1,3,2,4917.76
304,210.5,3,0,7,2,0,8,2510.13
85,30.0,4,3,7,1,1,11,1463.01
394,480.0,2,2,1,1,4,1,5230.19
308,259.1,2,0,3,1,3,8,3002.67
335,323.1,2,0,6,2,3,11,3733.51
304,226.9,3,0,4,1,3,1,2479.8
299,220.3,2,1,4,1,0,7,3212.29
90,97.8,2,1,4,1,4,1,1654.94
301,269.9,4,2,5,2,1,3,3308.58
407,453.5,5,1,7,1,3,6,5980.13
186,237.7,3,2,7,1,4,4,3472.59
321,363.5,4,1,5,1,1,2,3730.44
63,99.7,2,1,5,2,3,10,1597.91
206,336.4,5,1,3,1,0,3,3524.66
246,191.3,5,1,1,1,3,11,2632.4
492,508.2,7,3,5,1,2,3,5824.02
146,245.3,1,0,1,2,0,7,2879.8
174,282.5,6,1,5,1,3,9,3419.74
233,153.5,3,3,4,1,4,6,2941.86
496,494.1,1,2,6,2,0,6,6090.07
434,549.1,5,0,7,2,4,10,5646.92
65,120.6,2,3,4,2,4,1,2070.67
155,188.7,2,0,5,1,2,10,2145.37
419,423.8,7,0,4,2,4,9,4584.52
76,69.1,2,1,3,1,1,10,1210.51
435,475.2,4,2,1,2,3,6,5860.66
176,178.3,2,0,1,1,3,5,2132.74
462,479.0,1,3,6,1,2,7,6179.31
182,207.5,1,0,7,2,4,8,2223.25
245,217.5,1,3,1,2,4,12,2830.62
347,404.2,4,0,3,1,3,11,4012.65
106,330.0,4,1,5,1,2,1,3281.36
300,195.6,1,2,5,2,4,2,2807.17
277,319.7,3,1,6,2,2,12,3608.11
402,368.8,2,2,5,1,3,5,4868.51
498,558.4,4,2,1,2,0,7,6640.47
348,371.3,7,2,2,2,1,1,4226.22
234,307.3,5,1,4,1,4,2,3538.08
232,334.3,7,3,1,1,2,5,4548.37
238,271.5,2,2,3,1,2,9,3316.37
416,515.2,2,1,3,1,4,10,5442.01
194,49.9,6,2,7,1,1,11,1459.71
125,256.3,3,3,3,1,1,3,2882.65
200,246.3,6,3,7,1,0,3,3138.49
60,155.4,4,2,5,1,1,7,2420.16
97,31.6,2,3,5,1,2,7,1346.15
90,51.8,6,3,6,1,3,1,1415.58
397,427.2,4,1,6,1,1,6,5324.32
375,393.8,6,2,2,1,2,11,4761.86
363,402.8,4,0,3,2,1,2,4183.1
257,352.9,1,1,4,2,4,10,3838.98
372,268.4,5,3,7,1,2,6,4015.4
122,210.2,1,1,1,2,0,7,2897.45
455,475.6,5,3,4,2,3,8,5549.72
275,280.7,3,1,2,1,1,9,3286.72
472,389.0,6,0,2,1,4,8,4466.56
118,173.2,7,0,6,2,1,2,2133.67
273,124.0,3,2,2,2,4,4,2426.44
363,428.4,7,1,6,1,3,11,4907.56
273,188.6,1,2,7,1,0,1,2654.66
250,273.7,1,0,6,1,3,9,2742.38
124,135.7,7,1,2,1,3,7,2303.06
221,322.9,5,0,1,1,2,2,3313.91
157,164.5,4,1,4,1,0,2,2240.03
185,156.4,2,3,4,1,2,12,2414.55
357,341.5,3,0,6,1,3,1,3534.14
333,442.1,5,2,3,1,0,1,4802.09
323,380.5,6,0,2,2,1,1,4071.31
212,205.0,7,2,7,2,3,8,2933.06
481,484.4,3,3,7,1,2,12,5549.74
89,30.0,4,1,5,2,4,3,1259.32
204,251.2,2,0,5,2,1,10,2837.25
103,30.0,1,2,7,2,3,9,1176.35
202,274.6,4,1,4,1,2,3,3263.09
482,511.0,5,3,2,1,1,1,5925.76
214,401.1,1,3,5,1,4,6,5207.43
458,401.0,3,2,4,1,3,1,4626.47
272,284.8,5,2,6,2,2,2,3584.78
364,509.9,6,2,6,2,1,6,6350.91
255,358.4,7,2,4,1,4,10,4129.08
169,140.3,3,1,3,1,0,12,2167.79
393,428.7,3,3,3,2,0,8,4776.87
486,506.1,7,1,5,1,0,4,6369.92
168,207.7,5,0,5,2,3,4,2858.8
400,371.1,2,2,4,1,0,8,4030.31
167,180.7,5,2,4,1,3,3,2473.93
372,280.1,2,3,7,1,0,7,4089.93
405,434.5,4,1,2,1,3,10,4736.87
252,303.5,3,1,2,2,3,11,3441.07
381,385.1,7,2,6,1,4,1,4404.22
172,78.9,1,1,7,1,1,4,1828.8
85,174.2,6,3,5,1,0,4,2971.8
93,138.5,2,1,3,1,3,7,2296.48
251,220.2,1,3,3,1,2,3,2956.1
456,456.4,5,1,4,2,4,12,5022.05
107,30.0,5,0,1,2,0,12,938.83
255,203.2,1,3,4,2,2,4,3212.13
366,348.4,1,2,2,1,0,5,4530.16
141,247.0,1,2,2,1,2,6,3268.51
374,349.2,3,2,4,1,0,1,3847.2
187,251.8,1,1,7,1,3,11,2923.58
413,395.3,5,3,2,2,3,10,4653.29
310,347.4,1,1,7,2,0,4,4375.76
296,306.1,6,3,4,1,2,7,4443.83
129,210.1,7,1,7,1,2,5,3175.75
258,240.6,6,0,3,1,3,3,2724.37
435,344.9,7,0,7,1,2,4,4515.19
58,30.0,7,3,5,2,2,2,1269.79
391,373.8,1,2,5,1,4,10,4181.48
271,203.6,3,1,4,2,2,8,2574.09
373,421.7,6,3,4,1,4,12,4879.09
348,335.4,3,2,4,2,4,1,4065.15
244,430.2,6,2,6,2,4,8,4791.08
188,86.4,6,2,6,1,4,7,1967.04
332,366.3,7,0,1,2,3,8,4140.98
113,54.0,3,0,5,1,2,12,1173.08
312,297.5,3,2,6,2,2,5,4071.63
92,121.9,1,0,6,1,1,2,1684.87
342,199.2,2,2,4,2,4,1,2885.27
332,368.6,2,0,3,2,3,6,4477.42
87,240.2,4,1,5,2,4,3,2844.04
390,378.3,3,2,5,1,3,2,4345.63
237,275.2,6,2,3,2,2,2,3457.34
404,495.7,6,3,3,1,1,4,6322.07
68,76.5,6,2,3,2,4,2,1555.6
130,109.3,1,0,1,2,3,6,1466.41
272,132.7,4,3,1,1,4,8,2379.79
134,198.9,6,0,1,1,2,4,2585.82
198,210.1,2,0,3,1,2,2,2479.59
347,296.1,3,3,4,2,0,7,4358.25
115,143.9,6,0,3,2,0,2,1810.95
354,333.1,6,2,7,2,3,9,4208.33
96,79.0,6,1,2,1,1,5,1630.08
128,190.4,4,3,3,2,0,5,3032.88
314,240.3,3,0,2,1,3,3,2784.8
407,500.3,3,0,3,1,3,4,6020.98
126,48.2,5,1,5,1,0,2,1095.54
184,157.6,3,1,3,1,2,7,2381.12
466,620.6,3,3,3,2,2,2,6415.69
495,593.9,2,2,5,1,0,9,6251.31
311,337.8,4,0,6,1,3,4,4164.93
251,205.2,2,3,2,1,1,7,3159.61
206,189.0,4,1,1,1,4,7,2719.35
325,350.1,7,3,2,2,0,8,4233.59
315,337.6,6,3,5,1,4,10,4008.45
182,195.6,4,0,7,1,0,7,2401.85
60,77.8,7,2,2,1,3,11,1599.23
118,123.0,7,1,1,2,3,4,1901.64
481,400.1,4,1,4,2,2,10,4636.2
238,221.8,6,1,7,2,1,5,3473.4
267,351.0,3,2,4,1,0,8,3889.09
260,184.2,7,1,7,1,1,6,3094.85
402,408.7,3,0,5,1,3,11,4330.08
79,41.6,2,1,1,1,3,4,1330.48
87,114.8,1,0,3,1,0,7,1567.58
174,166.8,6,3,6,2,0,2,2292.74
268,391.4,3,2,4,2,2,8,4312.63
352,407.5,6,1,2,2,2,1,4664.53
270,198.2,1,1,2,2,4,5,3003.62
248,315.0,4,0,5,2,3,1,3387.65
472,437.8,3,1,4,1,2,4,5515.94
122,101.6,4,3,5,1,2,6,2307.98
307,349.0,2,0,3,1,3,4,4214.75
294,279.6,1,0,3,1,2,5,3818.45
263,345.5,3,3,5,2,3,2,4050.61
413,378.8,4,2,1,1,0,9,4411.93
170,146.7,6,0,4,2,4,10,2120.16
479,453.1,4,1,3,2,4,6,5650.89
199,179.4,2,2,6,1,2,1,2409.99
295,391.9,2,1,6,2,2,1,4346.11
284,348.0,5,1,3,1,2,9,3852.9
432,571.7,4,2,2,1,4,12,6023.88
247,425.7,7,2,2,1,0,11,4371.11
178,125.8,4,3,2,1,1,5,2503.57
59,83.9,4,0,2,1,3,6,1458.2
213,150.7,1,1,6,2,3,2,2132.39
421,386.6,2,0,1,2,1,1,4141.36
54,30.0,6,2,1,2,0,10,1046.69
453,399.0,3,2,4,2,2,6,5226.32
294,240.4,3,1,2,2,3,6,3378.21
113,122.9,5,2,6,2,3,5,2281.53
185,119.8,1,1,6,1,0,4,2279.46
299,377.9,4,0,6,2,0,12,4097.41
192,147.8,3,2,4,2,1,10,2098.79
98,314.7,2,1,4,1,2,9,3523.25
349,337.4,3,1,3,1,0,5,4249.64
352,377.0,4,1,2,2,0,9,4127.67
103,32.3,2,3,4,2,2,5,1596.57
176,315.4,4,0,7,1,1,7,3576.65
159,257.4,6,1,2,1,3,2,2941.75
346,386.8,2,2,1,1,0,9,4158.03
378,303.7,7,0,4,1,4,1,3570.74
377,411.7,5,0,3,2,0,9,4383.13
472,413.5,6,2,6,1,2,8,4798.83
395,517.4,1,2,6,1,4,1,5463.55
194,270.6,6,2,7,2,3,7,4016.06
98,124.7,3,0,3,2,4,3,1708.16
326,175.5,5,3,7,2,0,6,3247.88
462,413.2,6,1,1,2,3,1,4659.06
488,556.1,2,0,3,1,0,9,5756.28
153,257.9,2,1,2,2,3,7,3369.98
156,253.6,1,0,7,2,1,5,3106.59
66,30.0,5,1,5,2,3,11,830.12
113,154.1,6,1,3,1,0,8,1857.22
299,390.1,3,1,2,1,4,8,4113.46
296,199.9,2,1,6,2,2,2,2637.51
216,235.4,3,3,5,1,2,7,3487.82
189,228.2,3,3,6,2,2,9,3100.92
423,421.9,7,1,4,2,0,12,4614.34
257,147.3,1,3,2,2,1,8,2239.92
413,410.2,3,3,3,2,3,3,4866.77
483,480.1,5,3,5,2,4,9,5712.65
192,201.6,2,0,2,2,4,1,2242.95
141,121.6,7,1,1,2,2,4,2182.01
478,467.0,7,1,6,1,1,12,4892.31
335,352.2,3,0,4,1,2,10,3579.26
180,231.0,6,0,3,1,2,11,2565.32
329,327.7,6,2,4,1,1,5,4603.78
281,272.3,5,1,6,1,1,9,3144.82
457,483.5,2,3,1,1,4,9,5266.88
165,50.5,1,2,4,2,1,3,1339.72
496,549.4,3,0,2,1,0,12,5504.67
471,491.0,1,3,1,2,3,12,5350.86
131,153.8,3,1,1,2,3,2,2280.53
124,211.3,5,2,4,2,1,10,2672.22
289,172.3,5,3,4,1,3,6,3134.37
70,30.0,2,2,4,1,4,9,1038.79
184,223.2,1,0,6,2,4,7,3017.22
245,264.5,2,0,4,1,3,3,3070.11
486,517.9,4,1,5,2,2,2,5720.72
496,483.7,6,0,6,1,0,7,5769.09
118,184.5,3,0,5,2,2,11,2312.63
451,536.3,3,3,7,1,4,10,5971.7
90,143.9,4,0,2,2,4,4,2221.22
386,387.7,1,0,6,1,3,11,4095.66
430,302.5,2,2,5,1,4,5,4310.97
450,523.8,1,0,5,2,2,7,6220.56
150,255.5,4,1,1,1,0,4,3363.63
452,517.1,4,3,4,1,2,7,6735.73
102,60.4,5,2,7,2,1,7,1732.59
283,350.2,5,3,5,1,4,9,4185.13
261,341.2,3,1,1,1,3,6,3948.71
192,321.1,7,2,3,2,2,7,4107.14
59,30.0,7,0,4,1,1,8,817.49
397,401.1,1,1,6,2,0,6,4882.81
201,273.3,7,0,4,1,0,7,3561.88
347,371.0,2,3,6,1,1,2,4174.55
234,175.8,2,0,6,1,1,11,2115.1
218,267.0,4,0,2,1,1,2,2838.75
448,508.5,1,1,2,2,4,11,5458.92
92,118.2,3,1,7,2,3,10,1720.3
381,416.4,2,1,5,2,2,12,4566.73
386,387.9,4,1,6,2,0,1,4337.39
220,343.5,6,1,7,1,4,3,3950.93
168,125.0,7,3,3,2,3,1,2362.23
52,30.9,2,2,1,1,2,6,1136.42
471,491.8,4,3,7,1,2,11,5350.15
476,557.5,4,3,5,1,2,10,6041.11
158,73.2,3,2,1,2,4,9,1569.31
64,30.0,5,3,4,1,3,11,1311.12
105,30.0,7,0,1,2,2,1,849.49
80,102.3,3,3,3,1,3,10,1960.68
424,365.7,1,1,3,1,4,4,4699.03
451,444.1,7,2,4,2,1,9,4945.21
118,184.3,7,0,4,1,4,10,2199.84
386,361.1,3,0,6,1,3,9,4169.58
130,166.2,4,3,3,2,0,6,2867.04
215,214.0,7,1,6,1,4,8,2910.99
319,386.0,4,0,7,1,3,6,4592.76
373,426.3,4,2,6,2,1,8,4688.26
443,414.6,7,0,2,2,1,6,5086.36
70,78.2,6,1,5,1,4,5,1697.9
138,231.1,4,2,2,2,4,3,2861.43
176,223.5,2,2,4,1,0,5,3079.84
189,111.2,4,1,5,1,3,9,1759.06
499,564.9,5,1,3,1,0,11,5740.64
399,343.1,2,3,1,2,1,2,4113.45
194,312.9,4,0,6,1,2,3,3452.97
487,578.7,5,0,6,1,1,7,6554.7
274,314.3,1,0,1,2,2,9,3363.57
275,306.0,4,3,3,2,2,3,3945.86
245,250.4,6,1,2,1,2,4,3425.74
114,181.5,2,0,7,2,4,1,2128.61
470,464.0,4,0,7,1,0,1,4980.08
56,92.5,5,0,5,2,3,2,1301.51
128,209.0,1,3,4,1,1,9,2682.97
153,133.7,5,1,1,1,0,11,1729.94
175,151.9,2,0,2,2,2,6,1973.59
109,45.4,3,0,1,2,1,3,932.8
58,30.0,5,2,6,2,0,12,998.99
354,246.0,1,2,1,2,2,4,3607.42
486,557.1,1,3,5,1,4,2,6172.13
104,250.6,4,0,7,2,2,2,2983.43
183,302.8,7,0,3,2,3,5,3825.01
277,183.2,1,0,5,2,0,9,2396.73
467,537.7,6,1,7,1,0,5,6556.72
362,481.5,1,2,3,1,1,6,5757.03
394,382.0,4,2,4,2,3,5,4874.33
311,338.1,4,0,2,2,4,12,3882.81
237,116.4,4,2,3,1,0,9,1833.38
139,177.7,1,2,7,1,2,8,2530.64
438,383.6,6,0,5,1,1,6,4904.44
411,445.0,2,2,2,1,3,7,5461.52
61,30.0,6,1,4,2,1,11,1064.64
371,429.0,5,0,5,2,2,8,4794.95
87,178.7,4,1,1,2,4,10,2421.15
382,347.2,3,3,6,2,2,1,4204.73
421,361.4,5,2,2,1,3,11,4167.37
108,30.0,7,1,3,2,3,12,1141.62
245,246.4,7,3,3,1,2,9,3265.22
105,84.3,7,1,4,1,1,12,1649.13
305,216.4,2,1,7,1,4,7,3311.87
467,518.7,5,0,2,1,1,4,5871.04
86,74.5,3,3,2,1,4,8,1661.16
228,172.7,7,3,3,1,4,8,2675.24
487,468.2,7,0,7,1,2,2,5038.93
185,280.0,7,2,7,1,4,3,3474.8
109,171.2,2,3,4,2,3,4,2971.34
269,279.9,3,2,5,2,3,7,4075.59
278,341.3,5,0,7,1,0,2,3567.6
348,286.7,6,3,6,2,0,10,3761.8
191,213.3,3,1,5,2,0,2,2554.16
480,510.3,1,1,4,1,0,12,5078.74
284,271.1,1,1,7,1,4,9,3187.79
178,228.5,5,3,2,1,0,5,3622.1
482,447.4,4,2,3,2,0,5,5558.16
466,521.7,4,2,5,1,4,9,5656.15
274,332.6,6,3,1,1,1,2,3947.63
61,30.0,1,3,4,2,4,9,1270.73
318,421.3,6,3,6,2,4,7,5529.17
299,105.7,2,3,2,2,2,3,1930.25
116,92.9,7,3,6,1,4,11,1787.36
335,426.8,7,3,3,1,4,8,5068.26
428,425.8,4,2,7,1,0,2,4667.16
97,30.0,3,0,5,1,0,8,747.45
375,318.4,2,0,2,2,1,5,4276.63
113,204.9,2,3,6,1,2,10,2618.53
386,271.5,7,1,1,2,3,6,3966.56
238,337.0,2,3,2,1,0,12,3971.9
52,68.1,4,3,7,2,0,12,1708.06
484,420.5,4,2,7,2,1,1,4712.38
124,103.2,5,3,1,1,1,5,2062.47
318,266.8,6,1,3,2,4,3,3352.6
131,211.6,4,1,1,2,1,6,3112.94
469,540.3,6,3,2,1,4,2,5868.63
382,281.7,4,3,7,1,0,7,4181.97
411,402.7,4,0,2,2,0,2,4316.09
244,203.6,2,3,5,2,4,8,2993.49
260,370.5,2,1,6,1,1,6,4616.63
335,260.5,4,3,7,1,0,12,3356.48
403,535.3,1,2,3,1,2,11,5490.18
431,448.7,3,2,5,2,0,8,4992.15
58,30.0,4,0,4,2,0,6,1089.42
348,320.6,4,1,1,1,2,9,3603.83
99,62.9,6,2,2,1,2,9,1422.79
179,109.8,7,3,6,2,2,2,2052.86
423,449.6,6,0,5,1,2,5,5686.81
162,96.0,1,0,4,2,0,12,1425.49
408,275.4,3,2,6,2,1,4,4212.6
258,251.4,6,1,5,2,1,1,3097.85
154,47.8,5,3,3,2,1,11,1534.99
200,167.3,4,0,3,2,2,12,1953.22
288,244.4,4,1,7,1,1,8,2749.28
394,353.0,3,0,7,2,3,8,4091.75
322,482.1,5,2,1,2,4,5,5956.42
469,492.9,2,3,6,2,3,5,6417.6
440,477.2,4,0,1,1,1,11,4718.96
389,284.7,2,1,7,2,2,11,3363.58
321,295.2,5,3,5,2,2,6,4499.81
180,215.1,7,0,5,1,3,4,3174.19
235,183.3,4,3,5,1,1,3,2618.37
103,186.6,3,3,5,2,0,1,2644.01
218,153.8,7,0,2,2,3,6,2462.93
466,466.0,5,0,6,2,3,7,5722.92
241,220.0,3,2,4,1,0,9,3025.24
101,132.5,1,0,4,1,3,10,1587.34
343,318.2,1,2,3,2,0,5,4416.03
483,484.0,2,0,1,1,3,3,5008.48
440,443.5,2,2,4,2,3,11,4946.43
173,141.6,6,1,3,2,0,10,2208.3
254,308.0,4,2,5,1,3,7,4213.97
288,324.7,7,3,3,2,0,1,3976.46
161,174.8,4,1,7,2,1,6,2844.5
170,159.9,7,2,5,1,3,8,2543.83
156,231.8,4,2,4,1,1,11,2984.85
497,500.5,3,3,5,1,4,7,6016.51
385,383.5,6,0,5,2,4,6,4933.37
428,455.3,4,0,5,1,4,5,5533.14
417,555.8,2,1,5,1,0,5,6456.1
481,407.2,4,2,7,1,0,1,4769.21
97,170.9,5,3,3,1,0,2,2433.96
446,333.5,3,1,4,1,2,10,3957.06
79,114.2,5,0,2,2,2,5,1764.51
263,393.3,7,2,4,2,3,11,4629.08
317,371.2,3,2,7,1,1,5,4920.36
211,242.9,3,1,5,2,0,12,2940.44
115,95.8,3,0,2,2,3,3,1481.55
136,158.2,6,3,7,1,3,3,2623.09
421,423.4,2,3,6,2,3,8,5053.32
193,158.0,7,2,4,2,1,10,2386.52
189,188.7,3,2,2,1,2,2,2609.05
465,498.9,6,1,3,2,4,7,6226.14
114,80.3,6,1,6,1,3,3,1754.25
461,424.6,6,0,5,2,4,9,4803.32
464,388.8,7,0,2,2,2,7,4899.62
319,366.4,2,1,2,1,0,8,4181.56
124,182.2,5,1,7,2,3,4,2515.36
120,156.2,1,0,4,1,2,4,2193.6
178,265.6,3,3,5,1,0,8,3172.66
309,335.2,1,1,3,2,0,5,4445.25
119,166.4,5,2,1,1,1,9,2270.95
255,296.3,5,1,3,1,0,2,3245.15
101,114.6,6,1,5,2,3,4,2060.86
293,275.8,2,3,3,1,3,2,3391.84
59,234.0,3,2,5,2,1,2,2740.83
369,357.4,5,3,4,1,0,4,4874.72
74,47.4,6,1,3,2,0,6,1235.11
137,187.4,7,1,2,1,4,2,2445.33
128,165.6,1,1,2,1,1,2,2066.71
423,344.7,3,2,2,2,0,11,3939.29
74,172.6,1,1,6,2,3,7,2276.98
243,256.4,6,1,3,1,4,9,3133.45
316,258.2,1,0,6,2,0,9,3015.56
282,385.2,6,2,3,2,4,2,4471.79
356,419.8,2,2,3,1,3,8,4659.68
411,342.5,1,2,7,1,1,11,4213.28
227,371.4,7,3,7,1,3,6,5141.59
422,488.1,4,3,3,2,2,11,5771.53
193,212.3,3,3,2,1,3,12,3218.43
492,623.3,5,0,6,2,0,7,6984.1
277,308.2,2,3,1,2,1,2,3438.58
381,399.0,5,1,4,1,3,8,4402.39
443,416.8,4,1,5,1,4,11,4691.7
406,466.7,2,1,5,2,0,7,5648.18
433,486.4,3,1,1,2,1,10,5180.2
291,312.0,1,3,1,1,3,7,4241.92
69,33.7,3,2,2,2,4,6,1246.3
271,300.1,5,3,1,1,3,12,3629.83
131,146.1,1,3,4,1,3,2,2185.32
450,376.7,1,1,7,1,1,6,4944.55
156,73.0,5,2,3,2,0,2,1517.17
152,211.6,3,2,4,2,3,8,2691.52
162,30.0,1,1,2,2,3,12,1097.83
339,373.4,6,2,1,2,2,12,4265.65
307,293.5,6,2,5,1,2,3,3745.39
476,587.6,1,3,2,1,1,9,6066.99
237,222.5,2,3,4,2,2,11,2878.19
177,243.2,3,2,5,1,1,11,2985.9
72,64.2,6,3,6,2,2,7,1944.83
53,81.0,1,0,2,2,0,3,1018.7
218,289.6,6,3,5,1,3,6,4335.9
466,453.6,3,1,7,2,1,10,5187.89
285,374.8,1,1,4,2,3,8,3958.68
452,402.4,7,3,1,1,2,5,5679.41
95,135.6,1,1,2,2,4,3,1547.24
91,175.6,1,3,6,1,1,8,2526.13
425,491.2,7,1,6,1,1,6,5941.31
98,252.2,4,1,3,2,1,6,3369.6
73,39.6,4,1,2,2,3,12,960.63
231,154.5,5,1,3,1,0,1,2140.55
466,416.4,5,3,2,2,3,3,4845.44
360,426.2,5,0,6,2,4,12,4528.43
94,148.9,1,2,6,2,3,12,2342.0
426,453.2,4,3,1,2,0,4,5854.46
429,370.4,2,1,6,1,2,12,4416.26
410,483.7,6,2,6,2,2,3,5307.88
456,390.3,4,1,5,1,1,1,4554.43
157,258.1,1,0,7,1,2,4,2985.86
490,650.0,7,2,1,1,3,7,7713.17
194,239.7,2,3,5,1,4,1,3045.61
410,470.8,2,2,1,2,1,3,5240.23
310,295.5,7,1,7,2,1,10,3595.33
400,293.3,6,0,4,2,1,8,3202.37
332,309.8,7,3,1,1,2,8,3722.62
339,282.5,5,3,6,2,2,12,3612.76
327,245.7,7,3,6,1,3,3,3553.31
400,540.6,1,1,4,1,1,11,5547.24
382,421.1,5,2,3,1,1,5,5339.54
110,156.6,3,1,1,2,0,12,1920.12
421,419.4,3,0,7,1,0,10,4504.99
291,298.9,2,0,2,2,0,3,3084.63
195,282.5,2,1,6,2,1,3,3243.57
281,298.7,4,2,5,2,3,7,4225.92
485,542.1,7,0,5,1,3,7,6437.66
435,441.3,5,2,5,2,4,3,5080.21
425,421.0,3,1,7,1,2,4,5317.9
258,179.5,4,3,1,2,2,11,2752.32
402,283.6,4,1,7,2,4,10,3404.48
223,224.7,2,0,1,1,0,3,2543.8
358,382.0,4,1,7,1,3,9,4378.82
337,267.0,5,3,2,2,4,2,3619.08
162,179.6,2,1,6,1,2,6,2691.86
169,192.8,5,2,1,2,1,1,2548.26
77,30.0,5,3,4,2,3,8,1444.36
112,67.9,4,1,4,2,4,3,1411.35
245,293.5,3,2,7,2,1,3,3381.02
265,312.1,4,0,1,1,2,3,3421.6
124,63.2,6,1,1,2,0,3,1116.29
237,268.1,2,1,5,2,1,1,3139.68
321,412.6,5,2,1,1,3,7,5171.74
154,228.4,5,3,6,1,2,11,2969.86
202,215.3,3,1,1,1,0,4,2933.71
215,202.2,3,1,7,1,1,10,2464.27
277,252.9,7,3,4,1,0,7,3921.5
214,266.7,3,1,7,1,3,4,3586.91
381,414.7,5,2,1,2,4,1,4615.31
197,261.1,2,2,2,1,0,10,3192.66
245,274.2,7,0,4,1,1,1,3115.27
220,297.3,5,3,1,1,4,6,4249.01
132,158.6,6,1,1,2,4,1,2346.09
358,432.9,5,2,3,1,3,10,4946.63
155,236.0,3,1,6,1,3,12,2844.43
183,146.7,3,3,5,2,4,4,2728.74
406,299.4,5,2,1,1,1,4,4055.29
476,604.0,7,0,1,1,4,7,7018.37
351,389.0,1,0,5,2,4,7,4872.48
462,362.0,6,3,3,2,1,5,5212.56
434,404.0,6,2,6,2,0,5,4984.6
266,340.0,1,1,3,2,2,3,3797.86
396,396.4,1,0,3,1,3,4,4878.38
197,181.2,5,0,2,2,4,8,2252.73
257,375.1,6,3,2,1,0,9,4397.51
290,236.7,3,3,5,1,1,10,3247.21
482,446.1,5,1,4,2,3,7,5616.75
431,465.8,7,0,5,1,0,10,5034.29
270,317.3,3,1,1,1,3,8,3353.02
343,397.7,2,0,4,2,1,5,4755.4
141,224.8,7,2,4,1,0,5,3226.98
411,444.9,2,2,7,2,1,7,5575.49
298,352.3,4,3,3,1,3,4,4820.58
289,290.9,4,1,1,2,4,10,3556.06
394,418.4,4,0,5,1,0,3,4523.32
334,361.5,2,0,2,1,2,1,3863.16
82,117.1,5,1,7,1,1,6,1798.95
179,253.1,5,2,3,2,3,1,2973.72
129,187.9,2,0,6,1,3,3,2204.19
380,403.1,4,3,5,2,4,5,5479.53
65,30.0,1,1,4,1,1,1,802.23
141,165.7,2,3,5,2,1,3,2659.88
318,336.0,7,1,2,2,1,7,4428.84
362,395.5,4,0,1,2,3,5,4879.78
276,450.5,5,0,6,1,2,11,4689.49
437,420.3,7,2,7,2,0,2,4877.75
463,512.6,5,2,7,2,4,9,5991.52
109,203.8,6,3,3,2,0,8,2644.05
478,504.9,5,3,3,1,4,8,5597.72
326,509.6,4,0,3,2,0,9,4942.18
336,329.5,5,1,5,2,2,1,4008.92
92,134.7,3,0,5,2,1,10,1819.08
329,293.1,7,0,6,1,3,4,3858.6
376,371.4,2,0,7,2,2,8,3923.96
311,348.4,7,0,3,2,1,4,4545.72
88,167.2,7,2,5,1,2,5,2732.08
285,327.3,1,0,4,2,4,9,3692.41
471,579.1,5,0,7,2,1,12,5894.91
375,388.4,7,0,3,1,1,11,4228.87
111,107.7,5,2,2,2,0,9,1827.76
481,650.0,3,2,3,2,3,7,7631.49
481,528.6,7,3,5,1,3,7,6803.0
126,95.6,4,0,7,2,3,12,1392.3
410,381.4,1,0,6,1,0,3,4088.79
233,187.0,2,1,1,1,3,12,2458.45
317,402.6,5,2,4,2,4,8,4677.21
250,244.5,4,0,2,2,4,8,2926.83
402,430.9,2,0,3,2,4,8,4507.52
498,513.6,6,1,7,2,1,10,5747.98
407,478.2,1,0,7,1,3,9,4995.75
469,429.7,2,1,2,2,2,2,4849.19
475,419.7,4,3,1,1,2,10,5051.78
90,125.7,1,2,5,1,1,9,1816.67
164,226.1,3,1,3,1,3,11,2706.1
374,417.3,7,1,4,2,4,12,4750.42
315,278.3,7,3,7,2,3,12,3616.48
72,139.4,7,2,7,1,4,1,2021.44
92,59.9,3,2,7,2,4,8,1317.91
284,267.5,1,3,6,2,0,12,3396.26
327,280.9,6,0,7,2,4,12,3322.97
125,236.1,3,0,6,2,4,7,2890.01
127,191.3,6,1,7,1,2,11,2465.31
108,170.3,1,1,4,1,3,11,2088.99
304,411.3,5,0,1,2,3,1,4413.37
53,269.9,5,0,6,2,3,11,3127.22
307,207.4,7,3,7,2,4,8,3235.48
264,232.3,1,2,3,1,0,7,3213.19
259,235.9,3,2,3,2,0,3,3062.52
355,315.4,7,0,5,1,1,12,3576.75
285,229.6,3,1,5,1,2,4,3243.47
377,376.0,5,2,5,1,4,6,4936.83
393,327.8,2,2,3,1,3,4,4410.74
464,507.5,6,2,6,1,0,12,5511.58
409,432.6,2,2,6,2,3,6,5676.61
282,335.7,5,1,7,1,2,2,3853.23
271,326.5,7,3,5,1,1,1,4204.91
156,218.2,5,1,1,1,3,12,2686.45
319,312.9,4,0,6,2,1,3,3547.18
112,280.5,2,3,1,2,3,10,3276.59
469,505.4,3,0,2,2,0,1,5027.67
430,319.6,6,1,2,2,1,11,3746.55
103,52.8,2,0,2,1,2,8,883.86
403,301.2,5,0,6,1,3,3,3209.84
102,123.2,4,1,4,1,4,11,1678.71
374,385.5,3,0,2,1,1,4,4824.1
89,76.2,6,1,1,2,4,12,1492.96
269,429.8,3,3,2,1,4,8,4693.69
346,404.4,3,0,5,2,1,6,4923.26
377,447.8,4,3,6,1,0,1,4795.17
238,192.8,6,1,3,1,1,4,2925.83
464,414.1,7,2,1,2,3,1,4969.39
398,420.6,5,1,4,1,3,11,4585.79
143,175.1,5,1,6,2,3,2,2143.87
352,242.1,6,0,1,2,3,2,2916.6
378,385.4,2,2,6,2,0,2,4527.22
200,221.0,2,3,2,1,2,12,2914.11
382,386.9,4,2,2,2,4,12,4283.11
454,417.1,5,2,5,2,1,9,5086.83
417,399.2,5,2,1,1,4,1,4410.65
393,400.6,2,1,3,2,0,7,4952.28
335,361.4,6,0,1,2,4,12,3817.63
171,233.3,3,2,2,1,3,2,2728.23
407,502.7,7,3,6,2,3,10,5634.95
213,212.4,6,1,2,2,3,1,2787.58
289,277.1,7,3,1,1,4,10,3750.63
191,241.6,5,3,2,2,1,7,3568.82
190,252.8,4,0,1,2,0,11,2634.41
120,109.6,2,2,5,1,4,5,2144.42
482,557.3,3,2,7,1,0,10,5964.44
116,204.6,7,1,2,2,3,11,2584.53
88,198.4,3,2,6,1,1,4,2897.31
471,615.5,1,3,3,2,4,8,6500.65
299,258.4,2,2,1,2,4,6,3731.2
247,268.0,5,3,5,2,2,6,3991.45
381,401.8,5,3,2,1,2,10,4786.3
222,235.1,7,3,4,1,2,3,3447.92
107,81.6,7,3,4,1,2,2,1804.68
378,294.0,4,0,5,2,4,6,3968.42
129,155.5,4,0,1,1,1,10,1888.5
298,264.2,6,0,2,1,4,2,2992.21
477,503.0,1,0,6,1,3,5,6027.13
471,435.4,5,2,7,2,4,9,5110.56
212,155.0,4,2,1,2,3,6,2611.33
401,437.4,6,1,3,2,4,8,4923.14
325,355.6,6,0,7,1,2,7,4477.65
265,325.5,5,2,3,1,2,10,3652.1
112,285.0,5,1,4,1,1,11,3151.68
219,258.4,5,3,7,1,1,6,3874.92
343,397.0,5,0,7,1,0,6,4935.63
493,437.6,2,1,5,2,1,4,5622.87
52,30.0,2,0,5,1,4,6,907.35
372,502.8,6,1,5,1,4,11,5244.69
430,385.4,5,3,2,2,3,7,5341.87
478,424.9,2,1,7,2,1,9,4754.57
240,257.3,7,1,1,1,2,6,3575.39
103,116.7,7,1,1,2,3,9,1840.6
171,127.8,5,1,5,1,0,9,1877.47
432,430.7,2,2,6,2,4,7,5733.63
445,551.1,7,3,6,1,4,12,6023.75
336,299.6,2,2,5,1,4,11,3929.29
105,30.0,4,2,3,2,0,2,1228.57
104,190.0,7,1,3,1,4,3,2274.35
265,319.5,4,0,3,1,3,12,3453.81
314,290.6,2,2,2,1,2,5,4060.71
64,30.0,1,3,3,2,0,4,1283.8
358,325.9,3,2,1,2,2,10,3668.37
295,311.2,5,0,3,1,1,8,3263.91
55,156.6,6,2,7,2,4,2,2362.15
93,40.4,2,3,5,1,1,2,1090.65
254,268.1,2,0,1,2,1,10,2752.16
375,442.3,5,0,3,1,4,10,4677.95
421,274.3,2,2,2,1,0,5,3894.28
244,336.4,1,1,2,1,4,11,3529.5
182,119.2,4,2,5,1,4,2,1958.71
485,528.2,4,2,7,1,1,11,5535.07
256,293.3,2,1,5,1,3,1,3384.13
191,286.9,2,0,4,1,3,8,2944.17
249,307.6,2,2,2,2,2,11,3492.54
55,30.0,3,1,2,1,3,8,947.61
185,150.1,1,3,6,1,0,10,2251.74
281,310.7,1,1,5,2,2,5,3941.28
463,469.4,3,0,4,1,2,4,5362.09
382,435.4,1,3,5,2,2,4,5707.78
401,476.3,3,2,6,2,4,2,5252.98
295,357.6,5,2,6,2,4,4,4760.15
99,104.0,1,3,1,2,3,3,1701.12
225,115.8,5,3,3,2,2,10,2186.73
498,486.1,5,3,1,1,2,3,5532.41
69,118.1,5,3,3,2,0,2,1993.33
445,388.7,5,1,5,2,2,9,4633.65
358,422.2,6,0,2,2,1,7,5178.56
177,260.6,1,2,2,1,4,3,3038.34
400,428.9,2,3,4,1,3,9,4964.42
426,231.5,3,3,4,1,4,3,3337.63
69,30.0,5,2,5,2,4,10,1226.22
97,249.0,7,2,1,1,2,1,3115.04
349,330.7,7,2,2,2,2,8,3884.12
499,380.1,5,0,6,1,3,8,4282.5
60,166.5,3,0,5,1,2,5,2348.5
349,369.9,3,0,7,2,1,9,4027.34
111,208.3,1,3,6,2,3,5,3141.94
342,381.4,4,3,6,2,2,8,4319.04
330,382.1,4,1,4,2,4,3,3968.77
90,135.4,2,1,7,2,1,7,2401.21
356,424.8,6,1,3,2,2,10,4658.78
453,632.4,6,0,7,1,2,12,6245.36
438,526.0,3,1,3,2,4,5,6379.08
63,30.0,7,1,4,2,2,6,1119.77
160,211.3,1,2,5,2,0,6,3001.3
158,257.9,7,3,3,2,1,11,3189.5
253,357.2,6,0,2,2,4,12,3654.96
114,104.1,2,1,7,1,1,8,1346.13
434,535.5,5,3,4,2,1,10,5683.56
399,483.9,3,3,7,2,0,2,5509.68
413,613.1,6,3,3,1,3,10,6368.4
139,106.5,2,2,7,2,0,10,1879.29
56,40.5,2,0,5,2,1,9,996.95
459,457.6,3,3,6,2,3,8,5283.88
180,165.7,2,2,6,2,4,11,2370.78
345,302.7,3,3,2,1,1,8,3750.09
459,285.6,5,3,6,2,1,11,3835.83
66,55.6,5,1,7,2,0,3,1389.35
52,97.9,4,0,5,1,2,8,1596.0
52,37.5,2,2,7,2,4,6,1573.17
120,275.5,2,1,6,1,1,11,2737.72
73,93.9,7,0,5,2,1,11,1413.43
418,528.4,2,1,4,2,1,11,5442.75
322,360.3,1,3,7,2,4,3,4358.42
491,568.8,4,1,2,2,2,6,6577.44
410,449.5,1,1,4,1,3,1,4543.07
483,598.8,3,2,6,1,3,12,6440.7
157,180.9,6,2,7,2,3,4,2923.95
179,233.7,2,1,2,1,2,8,2503.88
432,477.6,5,3,1,2,2,6,6044.3
160,159.8,4,2,3,1,2,11,2305.38
75,123.3,3,0,7,2,0,10,1522.75
351,527.4,5,1,4,2,2,10,5475.93
410,411.1,5,3,1,1,4,8,4672.34
485,534.4,3,0,1,1,0,2,5139.47
467,575.0,2,0,3,1,4,12,5908.69
104,203.8,7,2,3,2,2,1,2719.89
397,417.8,2,1,1,1,1,6,5043.55
430,283.2,7,1,4,2,0,5,4023.31
364,420.2,4,1,4,1,3,5,5386.65
418,282.6,7,0,2,2,0,12,3435.21
427,549.9,3,1,2,2,2,3,5780.16
250,281.9,4,0,5,1,0,7,3473.43
68,158.0,5,2,7,1,4,3,2260.09
255,211.9,3,2,7,1,0,11,2846.45
140,51.3,2,3,4,2,4,9,1464.85
101,139.3,4,0,1,2,2,5,2005.72
106,123.6,5,1,7,2,0,1,1781.08
363,348.6,2,1,7,2,3,2,4030.94
277,302.9,6,2,2,2,4,3,3529.83
292,505.7,5,2,3,1,1,5,6117.99
385,463.4,2,3,1,1,4,11,5151.3
296,389.5,7,3,6,2,3,2,4603.42
333,412.1,1,3,6,2,3,7,5467.7
88,211.6,5,0,1,2,1,5,2645.38
433,439.7,4,0,5,2,0,1,4559.68
251,127.2,5,3,3,1,2,8,2330.21
119,125.8,6,3,4,2,4,9,2286.79
415,491.8,5,1,2,2,2,12,5141.06
380,332.1,5,0,6,1,3,7,4233.67
73,80.7,6,2,3,1,3,4,1786.95
136,107.6,5,2,6,2,1,11,1832.08
57,182.1,6,3,2,1,0,3,2639.98
171,243.5,3,2,5,1,4,9,3036.57
94,159.6,2,3,3,1,3,12,2287.34
369,432.5,2,3,7,2,2,1,4828.47
285,302.4,5,0,4,1,2,12,3426.3
491,524.8,4,0,6,1,4,3,5376.4
387,324.0,1,3,1,1,3,6,4441.75
325,191.9,2,0,5,1,3,4,2896.39
279,309.5,7,0,1,1,3,2,3458.23
74,116.7,6,3,3,2,1,9,1718.16
81,185.6,6,0,2,1,3,6,2451.86
327,457.0,2,0,1,1,4,7,5272.57
51,180.9,1,0,5,2,1,6,2262.21
69,30.0,3,1,2,2,2,9,969.04
148,143.3,6,2,4,2,3,12,2019.84
447,500.6,4,2,6,2,2,7,5970.92
256,453.2,6,3,2,1,4,2,4873.66
369,492.6,4,2,5,1,2,4,6092.27
235,333.4,4,3,3,1,1,6,4090.57
127,119.9,5,0,3,1,0,2,1498.98
217,175.2,7,1,5,2,4,3,2268.11
91,166.2,4,1,5,1,3,3,2107.12
396,339.0,5,0,5,2,2,12,4065.57
132,135.3,7,3,2,2,2,5,2583.22
219,231.0,3,0,5,2,2,11,2669.82
491,622.5,6,1,2,2,4,7,7490.3
316,311.2,4,1,2,2,3,7,4136.58
256,105.3,7,0,7,1,4,12,1791.47
294,349.3,4,3,1,2,4,9,4275.35
402,373.1,5,0,3,2,3,3,4162.19
164,187.0,3,0,4,2,2,4,2611.87
336,349.9,5,1,2,1,1,8,3863.98
442,442.8,3,0,6,2,3,1,4679.17
307,382.3,5,3,4,2,3,2,4612.52
250,162.7,6,0,6,1,2,1,2164.76
115,98.8,4,1,3,2,0,9,1720.98
161,228.9,4,1,7,1,4,6,3073.69
475,452.0,3,0,6,1,4,1,4980.57
293,200.4,6,0,3,2,1,9,2604.39
185,251.8,5,2,7,2,2,8,3056.53
238,336.6,4,0,7,1,0,9,3606.93
310,326.9,1,0,5,1,4,2,3441.14
291,173.7,1,1,1,1,1,11,2270.89
364,433.4,1,1,5,2,1,3,4530.43
165,68.8,6,1,5,1,2,7,1661.01
342,383.6,6,3,3,2,1,7,5321.38
249,206.9,1,1,2,1,3,3,2601.42
473,411.8,1,2,4,2,4,5,5294.63
121,110.1,6,3,6,1,4,1,1946.57
116,123.2,4,0,3,1,2,6,1901.46
257,231.9,3,2,4,1,0,9,2961.21
278,339.2,5,1,1,2,4,4,4297.25
360,348.8,2,2,5,2,1,7,4854.16
231,319.6,2,0,7,1,4,12,3517.65
461,500.7,3,1,6,1,1,3,5201.72
263,234.2,7,0,4,2,2,4,3187.15
108,67.4,6,3,1,1,2,2,1570.81
103,30.0,2,2,4,1,2,7,1214.37
488,528.4,4,0,7,1,0,3,5568.82
110,105.2,7,2,1,2,2,11,1958.61
476,329.9,7,3,2,1,2,4,4871.88
175,157.5,6,2,6,1,4,8,2469.85
92,48.9,1,1,4,1,2,3,1166.36
187,317.3,2,3,2,2,4,4,4305.97
326,226.8,2,0,1,2,1,3,2722.32
242,161.1,2,0,3,2,1,7,2445.44
403,500.7,2,0,5,1,0,1,5067.84
324,439.0,3,3,6,1,3,1,4828.93
230,197.9,4,2,7,1,0,7,2998.81
335,310.8,3,2,4,2,1,7,4247.03
487,550.1,3,2,3,1,4,4,6657.1
235,92.1,2,1,7,2,3,6,1808.41
119,30.0,2,0,6,1,2,5,1069.88
233,233.3,7,3,2,1,4,10,3226.63
428,556.5,5,3,5,1,3,6,6791.99
147,136.5,2,0,6,2,4,11,1818.78
477,504.1,6,0,2,2,3,3,5257.62
314,413.4,6,2,7,2,2,3,4699.23
320,487.5,7,0,3,1,0,5,5500.97
192,171.6,2,2,4,2,1,1,2223.21
464,482.8,5,3,4,2,3,9,5577.3
66,213.5,7,1,5,1,1,5,2729.17
184,97.4,6,1,7,2,3,5,2052.27
238,329.9,2,3,3,2,0,7,4383.81
264,212.7,7,1,3,1,0,1,2701.29
263,290.2,3,0,6,1,1,5,3679.3
116,119.0,4,0,7,1,1,12,1824.97
151,103.9,4,3,7,2,4,8,1878.56
92,43.2,6,3,6,1,1,7,1758.31
307,346.3,1,0,5,1,2,7,3883.92
207,296.7,4,3,6,2,2,6,4384.57
304,314.9,6,0,7,1,1,12,3269.99
315,339.9,4,0,1,1,4,12,3939.61
365,425.0,2,1,5,1,3,5,5170.61
296,248.0,1,1,1,2,0,12,3063.54
341,412.8,4,3,5,1,1,1,4832.08
314,391.4,5,2,3,1,0,4,4928.16
343,545.3,4,0,3,2,1,4,6150.36
327,320.7,7,2,7,1,3,9,3830.46
192,179.9,5,3,5,2,4,8,2832.35
160,233.8,4,2,4,1,2,6,3261.63
404,481.3,1,0,7,2,0,4,5538.75
204,186.5,4,0,1,2,0,7,2628.35
297,288.8,2,1,5,2,2,4,3762.53
138,195.9,6,1,2,1,1,6,2726.05
244,206.1,2,1,2,1,2,5,2926.45
288,279.3,7,0,2,2,0,11,3103.46
331,357.3,3,0,4,1,1,9,3715.84
286,375.7,4,2,5,1,2,3,4394.27
212,189.7,2,3,6,2,1,12,2703.25
482,373.0,2,2,4,2,1,8,4342.12
280,165.8,7,1,7,2,1,5,2823.94
413,344.8,2,3,3,2,0,7,4859.58
381,309.1,4,2,2,2,1,3,3635.58
301,310.2,7,2,1,1,1,1,3738.92
448,384.8,5,2,1,1,4,6,5182.45
107,77.8,1,3,4,2,4,10,1468.78
464,429.8,3,2,3,2,2,5,5801.18
432,421.2,3,2,6,1,1,5,5614.74
276,388.6,2,2,1,1,2,12,4097.45
380,446.3,2,3,2,1,3,12,4830.27
284,305.1,4,3,7,2,1,6,4427.1
170,157.7,3,1,1,2,3,1,1950.27
409,398.7,3,2,3,1,4,9,4690.64
160,202.9,3,0,2,1,2,9,2235.91
191,251.9,3,2,4,2,0,11,3244.33
283,239.5,2,3,7,1,0,12,3074.3
426,448.6,4,2,2,1,4,8,4952.88
222,99.8,7,1,3,1,2,2,1927.72
272,306.8,4,2,4,2,1,3,3601.53
68,141.4,5,1,6,2,3,9,2022.32
102,102.4,7,1,7,1,4,8,1880.16
75,222.2,5,0,1,1,2,6,2673.36
82,40.3,2,2,4,2,1,5,1202.11
440,475.2,3,0,6,2,4,9,4826.77
428,445.5,4,1,1,1,0,6,5494.14
419,432.0,4,3,6,1,4,2,5068.68
75,87.0,2,3,2,2,2,12,1806.78
84,111.5,1,1,4,1,0,5,1732.45
176,255.4,3,3,7,1,1,4,3529.16
304,420.4,7,0,5,2,3,1,4174.09
200,219.8,6,3,7,1,3,6,3870.87
269,346.1,6,1,5,1,0,12,3883.82
127,97.9,2,3,2,2,3,2,1865.4
378,451.6,3,3,5,1,4,3,5127.3
191,157.7,5,2,5,1,3,3,2179.26
79,175.3,4,2,3,2,3,2,2256.25
384,558.7,3,2,1,1,0,8,5916.71
456,467.5,3,0,5,2,3,4,5741.97
56,30.0,1,0,5,2,3,10,715.57
246,227.6,7,1,6,2,0,5,3195.61
422,528.2,7,1,1,2,1,8,5464.01
367,425.7,1,2,4,1,4,2,4625.41
435,472.4,3,1,6,2,4,4,6125.71
236,326.6,4,2,7,1,0,5,4279.99
217,270.9,6,0,7,1,3,1,2943.13
369,474.2,7,0,2,1,2,6,5590.68
119,203.4,3,3,2,2,2,6,3149.77
157,283.5,6,3,5,2,2,5,3910.73
320,365.1,7,3,4,2,4,7,5159.95
350,433.4,6,1,2,2,2,10,4814.69
103,101.5,3,2,1,1,2,10,1673.55
278,255.9,6,2,2,2,3,1,3190.31
214,353.5,3,1,3,2,2,8,3727.82
275,310.1,1,2,6,1,4,11,3436.04
481,557.3,6,2,1,1,1,11,5889.34
84,112.7,6,1,1,1,4,4,1988.41
497,475.9,3,1,2,2,3,10,5030.54
252,272.8,4,1,7,1,4,10,3483.87
397,517.5,3,3,7,2,1,5,6624.84
241,299.9,1,3,4,2,2,11,3413.97
189,89.2,7,3,1,1,0,8,1650.54
396,400.9,1,3,1,1,4,10,4471.77
359,503.8,4,1,7,1,4,9,5462.42
114,119.0,1,3,4,1,1,10,2037.79
367,261.0,5,0,1,1,0,12,3210.17
388,540.5,7,3,6,2,3,11,5978.04
224,291.8,5,1,4,1,3,6,3810.45
466,481.1,5,1,3,2,2,7,5819.04
338,332.0,6,0,4,2,0,8,3719.97
200,295.8,7,0,2,2,4,11,3258.73
54,36.1,7,1,7,2,2,5,1301.82
353,453.4,2,2,6,1,3,4,5841.01
144,202.0,4,0,2,2,4,9,2355.66
390,427.1,6,3,6,2,2,12,5166.17
286,316.2,3,0,2,1,0,11,3145.36
260,267.8,5,3,4,1,4,2,3802.14
123,216.2,1,1,6,2,3,12,2524.6
370,329.4,7,1,1,2,4,10,3972.16
124,30.5,5,0,6,1,3,2,1066.57
237,300.0,6,3,2,2,4,1,3696.81
426,490.2,6,2,5,1,4,3,5501.01
464,517.6,2,0,4,2,1,12,5373.78
495,543.5,4,0,1,2,0,10,5420.46
481,478.6,7,2,6,1,0,7,6058.47
300,375.1,2,3,2,2,3,8,4335.45
140,156.8,6,0,7,1,1,5,2311.27
427,412.9,3,0,6,2,2,11,4606.37
410,408.2,5,2,2,2,3,2,4752.29
495,650.0,4,0,5,2,2,4,7437.8
342,240.6,5,1,3,1,0,3,3060.65
113,168.0,6,0,5,1,1,11,1805.48
276,178.5,3,1,4,2,0,7,2697.19
251,263.4,2,2,3,2,1,9,3228.81
429,418.6,3,1,5,1,3,12,4720.54
226,100.0,5,1,2,2,2,3,1786.57
197,244.2,6,1,7,2,3,12,3203.1
86,79.4,6,2,7,2,0,2,1733.41
425,298.1,3,0,2,1,3,10,3349.46
389,467.8,7,0,6,1,2,9,4881.71
68,188.5,1,0,7,1,1,10,2118.9
245,369.3,1,3,1,1,3,2,4077.5
265,310.1,1,2,6,1,0,12,3734.8
261,284.2,7,0,7,1,2,10,3121.79
463,576.0,2,1,2,1,2,2,5867.49
117,254.8,5,1,5,1,0,7,3382.42
187,286.3,6,0,6,2,4,10,3186.85
131,85.1,6,3,3,1,1,6,1985.75
159,193.1,7,3,2,1,0,5,3089.17
458,508.8,1,0,3,2,2,4,6040.04
473,366.3,3,0,3,2,4,7,4659.02
70,122.9,4,1,6,2,3,12,1687.14
334,513.1,5,2,3,1,3,8,5545.37
154,218.8,5,3,3,1,4,9,2983.84
136,259.1,4,1,7,2,0,10,3094.08
181,213.8,3,1,5,2,2,10,2727.51
137,151.9,1,0,7,1,1,5,2392.28
270,316.7,4,0,5,2,3,10,3623.65
498,460.9,2,0,7,2,4,4,5598.61
313,265.5,4,1,2,2,0,8,3219.43
375,483.6,6,2,7,2,0,4,6017.59
271,387.1,4,0,7,2,4,12,4061.63
56,30.0,5,0,1,1,2,9,614.7
87,174.8,1,3,3,2,1,8,2351.1
170,183.9,5,3,3,2,0,6,3103.8
159,202.8,4,2,3,1,1,7,2972.48
428,480.2,1,2,6,1,0,10,5009.44
429,518.6,2,2,5,1,1,4,6125.4
434,459.8,6,1,2,1,0,10,5159.5
336,454.7,7,0,5,2,0,4,5469.13
300,341.7,4,1,7,1,4,2,3774.71
342,405.7,7,2,4,2,3,9,4701.5
233,194.7,2,2,7,2,4,9,2985.61
351,522.1,3,2,5,2,1,5,6388.5
407,459.9,7,2,7,2,1,8,4843.03
393,462.9,2,0,7,2,1,9,5098.74
326,233.4,5,2,1,2,2,10,2879.39
76,38.4,2,3,6,1,0,12,1236.45
376,482.7,3,2,2,2,1,11,5015.94
214,254.1,4,2,6,1,4,6,3565.07
384,270.0,3,0,6,1,1,3,3187.22
292,384.7,7,3,2,2,3,2,4275.26
446,427.9,7,1,1,1,1,7,5379.53
202,320.8,4,1,3,1,4,8,3662.58
469,482.9,4,1,3,2,3,9,5099.99
430,464.3,1,0,4,2,4,1,4653.67
198,300.5,2,3,1,2,2,9,3546.2
267,224.2,1,2,1,2,4,10,2850.04
289,239.5,6,1,4,2,1,9,2947.28
395,401.2,2,3,6,2,2,7,5262.64
360,437.9,3,0,3,2,0,1,4545.1
433,359.8,6,1,3,1,0,6,4786.75
216,119.2,5,2,2,2,3,8,1938.07
277,354.7,5,0,2,2,1,7,4205.39
243,220.8,1,2,3,1,0,7,3175.53
459,451.5,4,3,2,1,1,7,5768.14
187,77.0,4,2,3,2,1,7,1906.28
314,286.5,3,0,2,2,3,4,3884.76
104,123.5,6,2,5,2,0,8,1975.08
432,517.1,7,1,3,1,0,4,6080.28
222,188.0,2,2,6,2,3,6,3062.48
203,339.0,3,2,5,2,0,5,4341.25
312,284.1,3,0,5,2,2,9,3211.85
274,246.2,6,0,5,1,3,11,2978.54
431,558.6,1,0,7,2,2,8,5686.77
289,323.8,7,0,2,1,0,2,3506.24
282,263.4,6,1,7,1,3,9,3234.66
97,106.1,4,0,2,2,0,4,1922.89
59,173.7,5,3,1,1,1,1,2512.33
229,351.6,7,3,6,1,0,3,4238.23
499,461.8,6,0,7,1,2,12,4987.51
462,479.0,2,1,1,1,3,6,5671.22
333,359.3,1,2,5,1,3,3,4210.24
333,284.0,5,2,4,2,0,2,3550.41
226,242.1,2,2,2,2,1,8,2905.18
129,149.4,1,3,4,2,0,10,2195.48
53,152.8,7,2,5,1,1,5,2367.69
202,306.5,4,2,5,1,1,2,3650.74
192,189.0,5,2,4,2,3,5,3116.62
136,141.0,2,2,7,2,3,8,2170.39
166,232.5,1,1,2,1,4,2,2662.57
61,40.0,1,2,5,2,1,4,1228.75
323,384.2,3,3,3,1,0,1,4117.47
467,480.8,1,1,7,2,0,6,5710.79
360,312.1,3,0,2,1,4,3,3374.45
251,204.0,3,2,7,1,4,3,2694.02
239,360.3,4,3,5,1,1,2,4183.93
188,197.1,5,3,2,1,4,9,2880.79
114,248.8,3,2,6,2,2,6,3432.48
319,303.0,4,3,2,2,0,12,3926.84
304,344.4,1,1,2,2,1,5,4209.07
53,240.5,3,1,3,1,1,3,2592.33
236,182.0,7,1,5,2,3,3,2553.34
175,62.2,7,1,3,1,0,12,1505.72
126,236.1,4,2,4,1,0,8,2834.61
366,328.1,7,3,4,2,3,4,4821.66
286,304.6,4,1,2,2,1,8,3269.93
335,314.0,1,0,2,1,1,7,3738.4
371,409.8,7,3,3,1,4,2,4943.84
491,444.5,3,3,2,2,4,9,4921.75
411,418.4,5,3,7,2,2,2,5111.27
329,380.5,5,1,3,1,4,3,4251.75
445,394.4,3,2,3,2,4,9,4490.53
264,235.0,6,2,5,2,2,6,3493.62
493,488.7,4,3,6,1,4,3,5803.32
392,312.0,3,3,5,2,0,1,4108.03
342,332.4,3,3,4,2,0,8,4016.92
456,484.3,6,1,7,2,4,9,5341.74
281,273.0,2,0,7,1,0,3,2948.52
374,375.0,1,0,2,2,3,5,4584.93
178,196.6,7,3,2,2,2,5,3169.92
483,457.1,3,3,3,2,3,11,5252.38
330,398.4,5,0,6,2,3,10,4488.91
401,521.5,6,1,7,1,0,4,6253.33
257,244.5,6,0,5,1,1,7,3153.17
440,494.0,5,1,5,2,3,12,5148.54
83,86.2,5,2,2,2,4,5,1916.96
101,146.6,6,2,5,2,4,2,2148.88
278,407.6,7,1,2,2,4,4,5127.49
379,434.6,1,1,4,2,4,8,4461.23
414,309.9,6,2,2,1,4,12,3947.49
248,299.8,2,2,1,1,2,4,3819.34
342,448.3,7,0,7,2,1,1,4730.02
298,302.5,1,0,7,1,2,3,3258.41
482,571.7,2,1,5,1,3,5,6968.55
344,315.7,2,1,5,2,2,2,3663.05
237,153.0,5,3,2,1,4,1,2714.56
486,515.9,1,3,5,2,3,8,5794.72
98,30.0,1,2,6,1,1,10,1242.65
493,496.2,4,0,4,1,4,3,5162.52
119,229.1,7,0,2,1,4,7,3023.69
179,65.3,4,1,3,1,2,7,1717.59
419,349.4,4,2,6,2,0,9,4286.76
380,327.8,5,2,2,2,1,12,4000.33
486,501.6,4,0,7,1,4,11,5228.7
387,381.4,3,3,6,1,0,4,5123.61
336,453.9,5,1,7,2,2,12,5008.02
205,291.8,1,2,4,2,3,1,3559.31
52,106.7,2,0,2,2,1,12,1303.94
105,135.2,5,3,1,1,4,2,2072.34
183,230.5,3,2,4,2,2,2,2792.42
68,30.0,1,0,3,1,0,2,792.16
278,358.0,1,1,1,2,1,2,3695.7
399,341.2,7,1,7,1,1,6,4708.79
483,561.5,3,0,7,1,1,8,5742.19
270,373.0,1,3,3,2,4,9,4219.43
443,477.8,6,3,5,2,1,1,5639.9
493,500.7,4,3,3,2,2,4,6308.29
436,484.0,4,1,4,1,2,2,5322.32
259,78.7,7,2,5,1,1,2,1837.35
196,237.2,3,1,3,1,2,9,2522.08
490,502.1,5,1,6,1,1,8,5563.96
158,174.5,6,2,2,1,0,3,2491.8
235,304.5,5,1,5,1,2,4,3915.6
83,97.8,2,3,7,1,2,12,1691.52
407,347.2,5,0,6,1,0,7,4233.83
342,352.1,6,0,1,1,3,3,4101.49
88,112.7,1,3,1,2,3,12,1773.17
149,177.0,2,3,5,2,1,3,2381.94
299,330.3,5,3,7,1,2,4,4687.97
293,385.8,1,1,6,2,1,9,3931.25
410,354.0,7,1,7,2,3,7,4722.12
169,201.3,1,0,2,1,0,1,2322.85
466,576.3,7,1,4,1,3,10,6064.52
250,148.6,5,2,6,2,0,3,2306.97
420,452.6,4,1,5,1,0,9,4827.31
157,136.0,2,1,6,1,1,5,2128.22
66,60.1,3,0,2,1,0,10,964.17
74,30.7,6,1,4,1,2,11,929.82
217,225.1,6,2,4,1,0,10,2821.85
478,626.9,2,2,7,1,1,12,6388.8
71,30.0,4,2,2,1,0,7,1104.53
216,154.1,7,3,3,1,4,1,2655.31
99,30.0,2,0,1,1,3,7,988.03
469,609.9,5,1,2,2,1,6,7037.83
353,340.6,2,2,7,1,0,9,3803.49
393,411.2,6,1,6,1,4,3,4571.61
370,361.8,2,3,2,2,3,9,4563.44
345,298.9,3,0,5,1,4,6,3765.86
398,401.5,4,0,5,1,0,9,4220.88
53,245.1,3,1,7,2,1,6,3174.56
439,556.4,2,1,3,1,0,5,6449.56
382,342.3,5,3,7,1,2,3,4191.23
382,447.3,1,1,3,1,0,10,4770.12
227,188.8,7,1,6,1,0,1,2575.04
410,305.7,1,0,3,2,2,3,3545.86
221,312.4,3,1,5,2,4,6,4128.61
72,173.2,7,2,3,2,3,2,2507.97
458,551.2,2,2,6,2,3,12,6073.76
155,142.1,1,2,5,2,4,5,2624.52
95,103.3,6,1,3,1,4,3,1942.25
329,401.5,1,0,7,2,0,4,4926.59
155,202.4,7,0,5,2,1,3,2373.39
436,428.4,4,0,4,2,3,8,4692.13
249,155.7,7,2,1,2,4,6,2911.09
52,80.0,2,3,7,1,3,3,1872.6
478,573.5,1,3,6,1,3,11,6044.49
281,217.2,7,1,5,2,1,8,2932.94
168,232.7,6,0,6,1,1,5,2980.55
354,397.2,7,2,5,2,0,7,5296.2
288,360.5,3,0,2,2,1,8,3739.02
63,144.0,3,2,2,1,0,2,1994.25
391,362.4,5,1,1,2,4,10,3963.54
230,136.8,4,3,1,1,0,4,2657.23
364,346.7,2,2,6,1,1,1,4037.09
453,535.2,3,2,6,1,4,7,6624.51
324,306.1,5,1,2,2,4,11,3839.52
352,323.4,1,3,5,1,1,9,3861.52
164,56.5,3,2,1,2,2,4,1658.14
156,298.7,3,2,3,2,2,5,3936.32
236,313.8,1,1,6,1,4,8,3502.12
433,506.9,1,1,6,1,3,3,5546.74
285,372.7,4,3,7,1,2,10,4362.13
206,266.4,1,1,3,2,1,4,3381.27
400,402.9,3,0,7,2,1,3,4546.26
434,442.5,4,1,6,2,3,2,4836.68
456,446.1,7,1,3,1,4,9,4739.36
184,388.4,1,1,3,1,0,1,3822.04
369,427.9,4,0,1,1,3,10,4266.1
315,302.5,1,0,7,1,2,12,3103.78
252,304.6,4,1,2,1,0,2,3321.43
228,177.2,4,1,2,2,0,2,2328.54
101,226.3,6,0,3,2,1,12,2671.65
173,146.7,4,1,1,2,1,2,2099.27
297,352.1,7,1,6,1,0,5,4605.0
448,542.6,1,0,5,1,1,11,5292.89
439,485.9,1,1,2,1,4,2,5179.65
134,160.6,1,1,2,1,3,8,2188.77
355,375.8,3,0,1,1,1,5,4544.08
88,104.0,2,3,7,2,3,6,2267.68
353,332.6,1,0,4,2,2,12,3460.41
203,191.5,2,2,5,2,3,8,2739.73
252,375.6,7,2,2,2,1,4,5072.55
372,384.4,6,3,2,1,0,12,4532.25
241,206.0,1,2,4,1,1,7,2983.48
413,396.9,7,2,2,1,4,2,4582.41
290,387.0,2,3,5,2,2,5,5058.55
499,566.3,3,3,7,2,0,3,6139.14
337,396.2,3,0,3,1,4,8,4218.19
183,185.0,3,3,5,1,4,11,2706.92
398,458.1,6,1,7,1,2,1,5080.78
233,208.0,5,0,7,1,3,10,2608.3
290,291.8,5,2,1,2,0,11,3397.29
111,198.9,5,3,1,2,2,12,2639.98
103,184.2,6,0,7,2,4,8,2233.49
308,259.3,2,0,7,1,2,4,3406.44
134,94.1,3,3,3,1,0,2,1982.89
498,525.6,1,2,4,1,3,12,5856.18
435,575.8,5,0,5,1,3,5,6762.11
365,250.9,4,3,5,2,3,5,4021.39
380,419.5,5,1,6,1,3,9,4436.36
317,240.7,4,1,3,2,0,9,3005.35
77,52.6,2,1,7,1,0,10,1018.89
226,220.5,1,2,1,2,3,11,2988.88
273,263.6,7,0,1,1,4,11,2853.1
461,443.6,3,1,7,1,0,3,4852.14
148,168.5,1,1,2,1,2,3,1980.43
273,255.5,3,0,7,2,2,3,2977.82
204,121.6,7,3,3,2,1,8,2320.08
110,184.6,2,0,3,2,3,7,2577.48
96,168.7,7,3,1,2,4,11,2513.27
214,293.0,4,0,7,2,4,11,3367.93
87,30.0,7,1,3,1,0,10,925.9
80,120.9,5,0,2,2,2,1,1648.04
207,274.3,1,1,4,1,4,9,3210.08
140,87.8,4,2,2,2,1,11,1695.94
299,319.6,3,0,6,2,4,12,3493.34
57,68.9,2,2,1,2,2,5,1523.69
185,334.0,4,3,4,1,2,10,3993.27
253,407.7,1,1,3,2,1,5,4716.07
483,386.5,5,0,1,2,4,2,4187.54
335,529.6,6,2,1,1,2,5,6420.78
446,401.9,1,0,4,1,2,4,4831.42
204,292.6,4,0,3,2,2,11,2991.14
252,339.9,5,1,1,2,0,3,3871.96
239,189.3,1,1,1,2,3,2,2281.12
449,503.5,3,0,6,1,1,7,5893.66
481,493.5,2,3,6,1,1,7,6246.83
483,541.8,1,2,5,2,3,7,6630.12
388,424.1,6,3,6,1,0,2,4792.45
276,379.7,4,1,1,2,3,6,4793.93
293,318.3,6,1,5,2,2,12,3715.78
491,499.2,5,3,6,2,3,2,5830.08
178,274.7,7,0,2,1,0,10,2893.24
206,266.6,7,1,4,2,3,2,3458.51
453,524.2,5,3,6,2,1,3,5606.7
223,196.5,3,1,5,1,4,11,2345.51
155,101.8,3,3,2,2,1,4,2399.99
302,282.3,6,1,5,2,0,7,3946.1
196,172.5,3,1,6,1,2,5,2669.92
450,525.0,4,3,1,2,0,8,5772.03
459,547.3,2,0,4,1,1,5,6349.63
187,196.1,7,3,4,2,3,6,3349.99
288,408.2,5,0,3,2,2,10,4122.64
492,607.8,3,1,1,1,3,7,7174.48
384,421.0,5,2,1,1,4,7,5484.64
147,109.5,3,2,6,1,2,10,2021.45
315,445.3,2,3,6,2,2,6,5921.77
328,343.7,7,3,3,2,0,10,4231.83
344,372.8,7,2,7,1,1,9,4195.71
61,57.2,6,2,7,2,3,11,1684.17
184,141.7,3,1,5,1,0,6,2140.86
434,351.2,2,3,5,1,1,7,4937.95
158,222.3,1,2,7,2,0,2,2731.66
184,149.2,6,0,5,2,4,2,2029.25
195,429.2,3,3,7,1,2,2,4775.89
129,73.0,7,1,7,2,3,8,1596.53
119,51.0,7,1,2,2,3,4,1556.43
206,261.7,1,1,5,1,1,4,3290.27
443,570.1,7,3,6,2,0,8,6210.14
50,74.5,1,1,6,1,1,5,1332.59
177,237.1,4,1,3,1,0,2,2712.38
77,30.0,4,0,7,2,1,7,1022.36
302,274.6,7,1,4,1,1,7,4018.51
162,106.8,5,0,3,2,3,2,1603.42
406,293.3,7,2,2,2,1,4,4040.92
313,341.2,5,3,3,1,0,3,4225.76
402,265.0,6,1,7,2,4,9,3516.33
335,262.4,6,3,6,1,0,3,3493.34
247,229.4,7,3,6,2,1,1,3167.98
437,398.8,3,0,7,1,1,4,4817.16
264,311.7,3,2,2,2,0,6,4370.43
477,518.4,7,2,5,1,4,10,5726.42
497,579.6,6,1,3,1,1,1,5788.31
315,387.7,7,3,6,1,3,11,4630.2
353,452.9,5,1,3,1,0,4,5598.07
165,184.9,7,0,6,1,2,5,2675.16
416,457.2,6,2,6,2,0,1,5000.4
352,407.8,6,0,6,2,1,4,4900.14
456,485.9,2,1,7,2,2,6,5873.04
170,162.2,4,2,6,1,4,8,2553.61
404,400.7,6,2,3,2,1,10,4595.18
261,223.8,6,1,4,1,3,7,3072.74
133,182.5,7,1,4,1,0,2,2372.3
127,140.4,3,0,1,2,1,5,2031.53
302,275.6,3,1,5,2,3,9,3252.27
193,166.6,7,2,4,1,2,8,2321.62
95,30.3,7,2,3,2,2,8,1110.56
242,330.5,2,1,1,2,3,7,4270.0
343,368.5,3,0,4,1,0,7,4472.53
193,152.6,7,2,5,1,3,12,2419.39
479,555.6,2,2,1,2,4,8,5917.08
400,380.8,6,0,5,1,3,8,4215.63
280,201.5,1,2,2,2,1,5,3027.71
470,561.5,2,0,2,1,1,6,6370.66
244,226.4,6,1,3,1,4,9,2991.1
112,103.4,5,2,3,2,3,11,1995.84
66,88.9,4,2,7,1,4,10,1513.39
472,572.0,6,2,1,1,4,8,6043.66
481,502.4,3,3,3,1,2,10,5668.62
382,318.1,4,0,6,2,0,1,3822.36
96,154.1,5,3,2,2,1,4,2872.16
182,168.1,6,1,7,2,1,3,2253.92
68,220.2,3,1,6,1,4,8,2711.87
73,92.9,5,3,7,2,1,10,1864.59
160,30.0,4,1,7,1,1,2,1221.33
307,352.0,4,0,1,1,4,3,3831.52
79,235.1,7,2,4,1,0,6,3106.04
493,623.3,3,2,6,2,3,12,6607.78
254,402.2,5,2,1,1,2,1,4474.25
168,116.6,7,0,4,2,4,11,1802.44
282,365.9,6,2,5,1,2,3,4144.82
405,374.5,7,0,6,1,2,4,4586.86
190,225.7,5,2,3,2,4,8,3022.78
71,30.0,2,2,7,2,4,9,1203.25
72,46.9,7,3,5,1,3,11,1379.22
433,405.7,5,3,1,1,3,1,4715.93
100,182.9,2,0,2,1,4,1,2085.31
336,412.1,3,0,7,2,4,6,4963.08
223,262.4,2,2,1,1,3,7,3580.38
399,324.5,6,3,1,1,1,4,4433.08
77,75.2,1,0,3,1,3,8,1289.85
454,421.8,6,1,7,1,1,4,5419.94
364,444.9,4,1,5,1,2,12,4598.87
252,354.5,1,1,2,2,2,3,3484.91
143,236.9,5,2,3,2,4,8,3100.06
489,456.1,6,1,7,1,2,7,5878.04
185,30.0,6,1,2,2,4,2,1225.28
270,166.3,4,3,5,1,4,8,2753.4
227,346.5,3,1,4,2,4,2,3904.12
153,144.9,2,0,6,1,0,7,2101.24
237,204.4,1,3,6,1,3,8,2814.38
118,253.0,3,1,6,1,1,1,2784.03
50,158.6,5,3,1,2,2,3,2346.71
180,201.7,1,3,4,2,2,4,3331.33
100,99.5,7,2,5,2,1,12,1811.24
236,246.8,5,0,3,1,4,3,3020.75
438,473.9,3,3,5,1,4,12,5393.37
123,255.0,7,2,5,1,2,7,3610.25
50,99.6,2,1,3,1,0,12,1695.11
99,169.8,7,3,1,1,0,10,2614.66
278,379.8,2,3,7,2,1,4,5240.0
173,111.1,3,3,6,2,4,7,2337.46
270,342.8,3,0,7,1,2,9,3909.35
63,62.4,7,2,3,1,0,1,1372.25
199,42.9,2,1,3,1,2,8,1129.06
234,105.0,7,0,3,2,4,6,1781.03
244,192.7,3,1,1,2,2,1,2518.36
298,355.2,2,0,2,2,2,11,3596.12
401,429.0,5,0,3,1,0,4,5182.27
260,292.9,5,2,7,1,4,11,3451.44
428,584.6,3,2,2,2,0,3,6247.77
288,219.2,1,1,4,1,4,7,3211.14
167,185.1,3,0,4,1,1,5,2764.55
153,194.3,4,3,3,1,0,11,2514.18
195,163.5,1,2,7,1,1,12,2483.28
318,340.0,1,2,1,2,0,10,3613.13
159,67.0,7,0,7,1,0,11,1340.2
461,579.7,1,0,6,2,0,10,5685.89
265,237.3,3,0,3,1,3,4,3088.91
438,600.2,6,0,6,1,4,12,5992.24
357,374.7,3,3,4,2,1,7,4966.52
200,292.0,4,1,7,2,3,5,3727.91
152,168.3,1,2,1,2,1,3,2187.11
384,401.8,6,3,1,2,2,9,4730.88
198,177.1,5,3,4,2,1,4,3190.56
161,189.3,6,1,7,2,4,8,2588.22
468,510.3,7,1,1,2,2,1,5591.72
267,232.1,3,1,6,2,2,8,2727.25
71,82.2,1,0,7,1,4,8,1204.67
272,249.3,3,3,4,1,3,7,3851.11
257,438.0,2,2,7,1,0,8,4670.99
438,451.7,4,1,6,1,0,12,4751.35
370,498.2,2,2,2,1,1,11,5314.05
136,142.3,7,2,6,2,0,6,2483.63
117,155.2,5,0,5,2,3,11,1913.35
321,248.5,2,2,1,1,2,12,3157.37
71,59.7,7,3,4,1,0,2,1525.52
193,227.7,6,2,5,2,2,5,3364.3
112,243.0,4,2,6,1,4,9,2897.34
59,94.5,2,0,6,2,4,7,1479.35
463,579.9,3,2,4,2,4,2,6089.97
90,154.9,5,3,3,1,4,6,2817.0
54,187.9,6,1,2,2,3,5,2697.03
469,484.9,2,2,1,1,4,9,5365.74
134,321.3,6,2,5,1,4,7,4279.65
417,403.0,2,0,7,2,3,2,4280.71
64,30.3,2,1,1,2,2,1,708.75
119,54.3,4,3,5,2,4,4,1723.06
99,282.2,2,3,5,2,2,2,3273.06
367,444.4,3,1,2,1,0,11,4534.33
329,325.6,3,1,2,2,0,4,4315.01
263,370.4,2,3,2,1,2,8,4300.61
158,226.1,6,0,5,1,0,2,2829.36
89,246.6,3,1,3,2,0,6,3046.88
306,217.7,5,0,6,1,1,12,2871.64
153,154.4,6,0,3,1,2,8,2166.84
315,302.6,5,2,1,1,2,4,4124.22
359,240.8,2,1,1,1,2,9,2998.53
432,526.2,6,3,3,2,2,7,6846.98
272,273.1,2,3,3,2,4,3,3485.52
52,123.8,2,3,6,2,1,12,1978.98
176,361.2,7,2,4,1,2,12,3943.63
434,429.3,3,2,2,2,3,7,5259.61
289,279.5,5,2,2,2,1,1,3440.31
328,356.3,1,3,4,1,0,5,4647.43
256,345.1,5,0,3,2,0,7,4065.1
123,103.3,7,2,5,1,1,12,1888.57
453,428.8,5,0,7,2,1,9,4473.87
397,491.0,5,1,3,2,0,3,5249.36
497,543.5,6,1,4,2,1,7,6683.34
434,310.9,3,2,6,1,3,3,3815.9
181,115.2,3,3,2,2,4,6,2406.28
164,289.1,1,0,4,2,2,7,3339.73
161,209.1,5,2,3,2,0,7,3192.86
463,429.6,6,0,5,2,3,6,5424.84
300,308.1,6,0,6,1,0,6,3965.78
254,274.9,6,1,1,1,0,10,3219.42
485,556.5,1,2,2,1,2,7,6605.92
321,245.9,5,0,1,1,2,1,2690.47
459,420.1,6,1,1,1,1,9,4728.77
493,532.1,2,3,1,1,4,8,5889.52
85,98.0,4,1,5,2,0,9,1496.45
212,272.0,7,3,7,1,0,9,3529.14
380,313.9,3,3,3,1,2,3,4052.22
415,460.0,6,1,7,2,2,12,5177.64
116,212.4,4,2,6,2,4,12,2695.22
193,247.1,5,2,6,1,0,2,2868.98
296,325.7,5,1,6,2,2,3,3599.18
409,422.3,5,1,2,1,0,3,4506.16
100,61.6,6,1,4,1,0,12,1445.27
320,335.0,7,0,4,1,2,12,3609.26
183,291.2,3,0,5,2,3,4,3552.4
147,158.7,7,1,6,1,0,8,2103.45
281,238.7,5,3,1,2,4,3,3202.84
236,221.5,5,0,5,2,2,1,2674.5
336,370.1,3,0,6,1,2,3,3780.08
192,185.9,3,1,1,2,4,1,2526.53
420,474.0,5,2,3,1,1,11,5136.19
85,141.6,3,0,7,2,1,10,2098.61
437,519.2,3,0,1,1,3,3,5080.25
63,182.6,6,0,2,2,0,7,2598.11
381,470.7,3,1,6,1,4,3,5155.98
205,159.6,5,0,2,1,4,7,2338.86
222,178.8,1,3,5,2,4,11,2616.76
58,72.7,1,3,7,2,2,11,1481.15
365,353.4,6,1,4,1,3,10,3925.85
124,64.3,1,0,4,1,4,3,1128.13
346,335.1,6,0,4,1,0,3,3670.35
376,362.8,7,1,3,2,1,2,3951.75
430,403.0,4,1,3,2,2,2,4756.58
368,365.9,7,2,4,1,3,8,4274.79
185,287.5,3,1,7,2,3,8,3301.3
382,415.9,7,1,7,1,4,11,4581.01
421,614.0,2,1,7,2,2,2,6179.18
192,223.9,3,2,1,1,0,4,3098.48
105,104.7,3,2,3,1,0,9,1679.15
450,470.3,6,0,6,2,4,9,5046.62
116,154.0,1,1,4,1,2,6,2347.85
317,367.5,6,2,3,1,3,2,4244.9
156,321.4,1,2,3,1,2,6,4113.46
106,66.8,3,2,1,2,4,3,1456.01
399,479.1,5,2,3,2,1,7,6025.8
114,148.5,2,2,3,1,0,11,1995.89
351,261.0,4,1,3,2,3,3,3360.96
361,434.9,7,2,4,2,2,2,4929.5
77,185.7,6,1,2,1,4,9,2283.45
127,87.0,1,1,2,2,0,1,1378.23
407,426.4,5,0,7,1,1,12,4514.56
278,177.2,5,1,3,1,4,10,2467.5
104,35.9,1,0,2,2,4,5,1012.19
496,589.4,5,0,5,1,0,5,6744.35
169,156.4,4,1,4,1,4,5,2566.45
51,30.0,5,2,5,1,0,5,1343.9
465,501.1,3,3,2,1,0,11,5700.77
57,40.4,2,0,6,2,4,10,879.5
299,286.0,6,3,2,2,0,3,3724.32
496,567.8,6,1,6,2,1,3,5759.68
310,248.7,2,2,3,2,0,7,3694.57
313,269.6,2,2,3,1,2,8,3117.73
224,254.8,5,3,3,1,0,9,3124.92
107,194.9,6,0,3,1,1,4,2609.24
307,413.7,2,3,5,2,1,6,5288.45
453,426.4,2,0,4,1,3,2,4408.45
90,175.6,6,3,1,2,2,6,2827.23
446,411.1,5,2,4,1,0,9,4753.86
236,383.8,7,1,2,2,2,4,4662.44
291,231.6,6,1,1,2,2,4,3362.56
124,237.0,7,0,6,1,1,6,3025.23
329,303.0,2,3,3,1,2,11,3824.16
132,292.9,2,2,5,1,1,8,3380.15
172,233.4,2,3,2,1,1,12,2712.98
374,322.9,1,2,3,2,3,1,3965.82
72,55.4,6,3,3,2,1,11,1440.74
251,325.7,5,3,1,1,1,1,3873.15
317,410.7,1,1,7,2,0,4,4899.05
109,124.0,2,2,3,2,3,6,2249.1
182,205.1,2,1,5,2,3,3,2865.6
204,277.1,3,3,4,2,3,12,3481.15
348,377.2,4,2,4,1,0,11,4190.67
489,418.5,3,1,5,1,2,7,5307.14
426,389.1,7,2,4,2,1,6,5084.68
135,171.5,2,1,1,1,3,10,2295.83
58,163.1,4,2,5,2,1,9,2257.43
73,206.1,4,1,1,2,2,6,2644.22
318,392.6,3,1,4,2,2,10,4129.69
120,160.1,6,3,3,1,3,3,2422.74
154,226.4,7,0,4,1,3,4,3131.07
431,404.3,1,3,1,2,4,1,4566.57
443,452.3,4,0,5,2,2,2,4924.85
427,389.3,1,0,3,1,4,3,4130.75
164,96.6,4,0,1,2,4,8,1404.19
328,371.3,5,0,1,2,2,11,3898.53
324,357.0,3,0,4,2,3,8,4054.91
133,201.1,3,3,5,2,4,6,3042.96
299,357.2,3,3,4,2,4,4,4805.5
286,323.0,3,2,6,2,1,2,3908.99
228,287.0,3,0,6,2,3,8,3211.67
388,405.0,3,3,7,1,2,2,4622.75
354,402.9,5,2,7,2,0,10,4694.37
289,258.2,1,2,7,1,1,5,3786.29
376,421.9,1,3,6,2,4,5,5626.02
393,459.8,4,1,4,1,4,1,4835.38
305,278.1,5,1,4,1,3,3,3265.61
170,193.6,2,3,5,1,4,1,2737.91
391,367.3,2,2,2,1,2,9,4015.02
372,355.1,5,2,5,2,3,6,5026.81
492,433.3,3,2,5,2,0,10,5117.12
117,225.6,6,3,4,2,1,7,3396.79
238,332.6,2,1,6,2,0,12,3675.64
465,522.6,1,0,5,2,4,10,5497.78
281,439.1,4,1,7,2,3,2,4911.11
474,480.8,3,2,7,1,4,2,5524.81
55,287.2,6,3,6,2,2,11,3248.97
65,69.1,4,1,3,1,2,4,1411.59
408,445.9,3,2,2,2,3,10,4984.76
211,203.2,2,3,3,2,2,8,2750.77
284,330.1,2,3,5,2,1,9,4164.25
242,320.5,6,3,7,2,1,4,4739.68
233,245.0,2,3,7,1,2,4,3576.12
472,616.4,4,2,5,2,0,7,7358.49
92,128.7,6,1,5,2,0,1,1781.13
397,435.9,7,1,7,1,0,4,5457.55
450,406.4,2,2,5,1,0,7,5231.02
345,394.3,1,0,1,2,0,3,4141.73
227,237.6,6,2,4,2,0,4,3401.88
122,99.4,5,2,3,2,0,12,1437.66
357,322.6,3,2,5,2,4,4,4310.97
260,467.0,5,1,5,1,0,11,4653.2
117,118.6,2,2,3,1,2,12,1739.88
211,129.0,5,0,3,2,0,9,1843.55
482,453.1,6,2,1,1,4,2,4976.45
169,185.4,3,3,3,1,1,3,2430.67
130,188.3,4,3,6,1,3,12,2547.25
356,414.8,3,3,5,1,3,1,4613.97
139,206.4,1,1,7,2,3,7,2834.88
463,437.9,1,0,7,1,3,8,4553.38
436,479.8,7,2,6,1,2,11,5416.5
492,450.7,4,0,2,1,3,11,4646.2
460,436.6,2,1,3,1,4,4,5401.56
159,114.8,1,2,1,2,1,7,2015.91
145,81.8,3,2,1,2,4,8,1723.93
204,298.5,7,2,2,1,4,12,3525.94
261,329.2,3,3,2,1,3,7,4595.75
445,533.4,7,0,1,2,4,2,5371.32
380,402.8,4,3,6,2,0,12,4702.64
339,413.4,6,2,4,2,2,7,5292.75
445,341.7,6,1,5,2,3,3,3947.89
340,420.4,1,1,5,2,4,3,4499.31
220,252.4,1,2,7,1,0,3,3246.62
235,298.9,7,2,2,1,4,9,3482.61
282,328.6,7,1,3,1,0,12,3672.64
89,39.9,1,0,3,1,1,6,782.12
383,298.1,5,0,4,2,3,2,3308.22
343,313.2,7,1,4,2,1,11,3618.01
379,438.5,7,1,6,2,4,8,4813.86
290,358.3,3,2,4,2,4,7,4681.41
402,326.2,6,3,2,1,0,1,4025.48
477,428.3,5,0,4,1,1,12,4384.85
306,275.4,7,1,7,2,0,1,3310.15
249,244.0,2,0,5,1,3,8,2833.72
97,30.0,5,3,5,2,4,8,1231.41
400,320.5,1,2,2,2,3,7,4369.64
456,418.5,3,0,1,1,0,7,5053.36
364,390.0,1,1,2,2,0,5,4701.75
439,376.4,4,2,1,2,0,7,5041.11
437,448.9,6,3,4,1,2,5,5758.74
409,503.1,5,2,7,1,3,6,6403.1
276,204.9,3,1,4,1,0,9,2625.07
94,99.5,3,2,5,1,4,9,1732.78
51,142.7,3,2,6,1,1,2,2124.59
141,131.7,6,2,6,2,2,12,2105.79
243,222.8,2,0,5,1,3,2,2518.77
384,485.4,1,2,6,1,2,4,6107.27
255,253.6,4,0,2,1,2,5,3494.07
60,157.3,6,3,3,1,1,4,2550.26
144,194.0,4,3,3,1,2,5,3045.15
490,486.0,2,2,6,1,1,4,6227.54
494,547.6,1,2,3,2,1,6,6650.21
219,261.4,7,0,7,2,3,10,3151.89
412,503.5,6,3,2,1,4,10,5683.44
373,354.6,2,1,2,2,4,5,4518.09
469,491.9,1,1,6,2,1,4,6040.95
449,464.7,1,2,6,2,1,9,5101.55
332,401.3,3,3,5,2,0,1,4452.96
227,175.2,6,1,3,1,1,6,2592.19
331,422.2,2,2,1,2,2,3,4501.85
193,245.6,6,2,3,2,1,8,3190.3
206,133.8,1,1,4,1,3,1,2033.85
323,427.6,6,2,3,2,0,10,4798.73
307,483.4,2,3,7,1,2,4,6076.71
311,401.1,7,1,7,1,1,7,5104.31
223,342.9,4,3,6,1,2,7,4656.64
234,260.0,2,3,1,1,0,6,3720.41
54,30.0,2,3,1,2,2,6,1404.61
320,210.9,6,2,4,2,3,4,3278.57
309,346.9,3,3,5,2,4,10,4102.19
470,448.6,3,2,5,1,1,7,5609.51
276,232.0,6,3,3,1,2,3,3312.29
260,275.6,4,2,1,2,3,4,4063.62
80,143.1,5,3,3,1,2,6,2258.61
138,56.3,4,3,6,2,2,11,1801.09
202,190.6,1,3,7,2,1,12,2723.55
219,344.7,1,2,7,1,4,5,4567.73
213,157.7,1,2,5,2,3,5,2732.21
227,307.9,5,3,1,2,4,2,3941.89
396,382.1,4,1,7,1,3,7,4972.66
108,166.2,6,0,2,2,1,3,1866.87
199,295.8,7,3,2,2,1,10,3634.79
123,194.9,2,2,7,1,0,7,2908.93
188,271.6,7,1,4,1,3,3,3151.14
358,297.4,7,2,2,2,3,11,3826.11
71,169.0,5,0,4,2,1,10,2005.76
202,162.3,4,1,1,1,0,4,2370.4
60,98.2,2,1,3,1,4,2,1348.66
479,517.1,2,1,7,2,1,4,6240.99
377,431.0,1,3,3,1,2,5,5552.9
159,202.6,5,2,7,1,0,5,2820.44
139,99.9,4,0,4,1,0,10,1347.64
94,30.0,2,1,5,1,4,12,751.2
262,343.1,1,0,5,1,3,9,3502.48
389,422.0,1,3,4,1,0,11,4870.95
312,412.5,5,1,1,1,0,2,4189.21
446,462.9,5,1,7,1,2,2,5116.1
204,125.6,5,1,4,2,3,11,2335.89
175,262.6,1,0,5,1,2,8,2968.98
265,259.1,1,3,4,2,4,3,3375.43
140,183.9,1,2,5,1,3,10,2508.32
489,463.7,6,1,3,1,3,3,4908.6
133,268.1,6,1,6,2,1,10,2907.22
265,223.6,3,2,2,2,3,11,2934.3
284,280.4,1,0,5,1,4,6,3620.79
75,102.5,3,3,5,2,0,8,1972.0
260,203.5,6,2,4,1,3,9,2751.84
254,297.1,2,0,1,1,4,11,3196.53
166,298.8,6,2,3,1,2,8,3474.73
107,92.7,4,3,1,2,3,4,2074.1
70,117.7,1,0,4,2,1,3,1483.11
53,30.0,7,2,5,2,0,5,1253.98
266,283.3,4,2,4,1,4,1,3482.62
90,88.1,5,3,6,1,1,9,1801.72
481,443.7,1,2,3,2,3,5,5650.72
160,255.7,3,2,3,2,1,9,3126.65
343,340.2,5,3,4,2,1,1,4287.28
353,360.6,5,3,2,2,3,4,5083.01
272,265.6,1,1,6,1,1,5,3408.04
447,332.8,5,2,6,2,4,2,4184.51
99,39.8,7,0,3,2,0,10,895.47
155,242.3,6,3,6,2,0,8,3184.25
163,35.3,2,3,1,1,0,11,1156.18
110,76.4,7,1,2,2,1,10,1614.39
182,174.0,5,2,2,2,0,1,2514.36
190,332.1,1,3,3,2,1,11,3937.2
394,467.8,1,0,2,1,0,1,4784.99
185,166.0,7,2,4,2,3,11,2459.71
444,555.3,2,3,6,2,0,9,5935.32
397,365.2,1,3,4,1,4,10,4551.75
455,545.6,4,0,4,2,4,6,6411.24
97,30.0,4,3,1,1,3,2,1083.85
493,588.1,5,3,2,1,3,2,6459.15
326,317.6,5,0,6,2,3,2,3621.53
492,440.0,7,2,6,1,4,10,5291.15
209,213.8,6,2,1,1,2,7,3226.11
478,517.4,1,3,1,1,3,3,5623.0
314,299.4,1,0,6,2,2,2,3505.75
82,140.8,1,3,2,1,3,1,1892.15
234,213.2,3,2,5,1,1,4,3117.51
112,175.4,3,1,6,2,0,9,2111.41
473,524.0,7,1,6,1,4,11,5372.63
187,202.7,3,3,4,2,3,8,2940.61
150,139.1,1,3,3,2,3,12,2137.76
298,328.6,7,1,6,2,1,5,4496.11
241,299.5,2,3,5,2,3,4,4283.57
93,257.3,7,2,6,2,2,9,3215.53
417,502.8,6,0,4,2,0,2,5118.38
430,518.3,7,2,7,2,4,11,5646.51
384,620.2,6,3,6,2,4,10,6629.18
327,383.1,2,0,1,2,4,1,4121.26
231,284.9,5,0,3,2,2,3,3153.54
294,363.3,3,0,6,1,1,8,3725.47
284,233.4,5,2,1,2,0,9,2870.57
124,112.9,6,0,5,1,3,3,1673.3
86,70.6,4,3,3,1,4,9,1547.37
163,228.3,3,0,2,1,0,6,2829.51
254,261.8,7,0,4,1,3,9,3006.97
122,151.7,5,1,7,1,0,6,2310.08
98,194.1,7,3,7,2,3,6,3259.17
433,513.4,2,3,3,1,0,5,6437.14
218,226.7,6,1,1,1,4,2,3028.21
312,285.1,3,2,7,1,0,3,3558.18
285,384.5,4,3,7,1,2,3,4641.89
380,454.2,7,3,5,1,3,10,5100.98
382,289.6,3,0,5,2,4,6,3711.92
183,181.1,2,3,4,1,1,5,2927.84
431,462.6,7,3,1,1,4,11,5390.37
217,291.5,7,2,2,1,0,11,3514.99
425,508.7,3,2,2,2,2,3,5587.76
232,271.9,3,1,7,1,4,5,3369.59
99,160.0,2,3,1,1,1,5,2713.17
392,416.5,1,3,4,1,2,11,4761.87
63,35.8,4,2,3,1,2,9,940.13
397,398.7,2,2,1,1,1,7,5151.23
69,90.3,6,1,7,1,3,3,1587.84
143,160.6,2,2,1,2,2,5,2586.44
321,209.0,5,0,6,1,3,1,2782.97
473,465.2,4,3,6,2,2,9,5419.68
233,256.9,5,2,6,2,4,12,3116.72
104,104.3,1,2,2,1,2,10,1628.93
154,156.7,4,0,7,1,3,4,2133.39
453,507.2,5,2,5,1,3,6,6438.89
377,321.5,3,0,3,2,4,12,3788.24
95,30.0,7,3,5,1,4,6,1457.58
223,218.6,4,2,3,1,1,11,2717.77
169,242.5,3,1,2,1,1,7,3055.7
130,268.1,1,3,3,1,1,6,3576.84
430,504.7,2,3,4,1,2,8,5565.43
327,244.2,4,0,5,1,2,3,2847.85
130,133.7,3,0,2,2,0,6,2030.57
342,380.0,7,1,2,1,4,4,5001.67
236,268.4,6,0,7,1,4,10,3238.55
77,134.8,2,2,4,2,3,8,1847.18
252,207.8,5,2,7,1,1,5,3420.14
133,157.5,4,2,3,1,4,10,2419.41
160,209.4,1,0,3,2,1,6,2874.18
445,522.8,5,3,2,1,1,12,5690.0
369,332.6,4,3,4,2,4,8,4071.9
110,105.8,1,2,6,1,4,11,1643.77
433,263.7,4,0,4,1,2,12,3041.0
308,284.5,6,1,3,1,0,4,3833.76
443,426.3,3,2,7,1,0,4,5601.26
386,334.6,3,2,5,1,4,11,4160.95
202,233.6,1,0,3,2,1,3,2527.59
290,306.1,2,3,1,2,3,10,3732.24
288,149.9,7,3,4,1,1,3,2529.91
373,408.1,5,2,5,2,2,11,4573.67
161,116.0,2,1,7,2,4,9,1939.83
199,253.0,4,2,2,2,2,7,3607.84
160,90.3,2,0,2,2,2,6,1613.47
183,205.1,4,2,7,1,2,8,2760.42
122,122.2,2,0,4,1,1,5,1880.81
66,107.2,5,0,1,2,2,5,1768.19
473,501.7,4,2,1,2,2,3,5352.16
83,85.1,5,2,4,2,0,2,1710.3
449,361.5,4,3,5,1,2,11,4459.42
51,30.0,3,2,2,2,3,9,1034.05
399,378.1,2,3,3,1,0,6,5075.97
197,216.4,2,3,6,2,4,10,3024.38
282,259.4,4,1,7,1,4,8,3307.48
176,239.8,4,3,4,1,3,8,2980.73
270,270.5,5,1,3,2,0,2,3350.73
253,205.4,1,2,3,2,2,7,3124.21
288,288.5,2,0,1,1,4,2,3082.83
226,261.8,6,0,1,1,0,9,2813.63
291,333.7,7,2,6,1,3,1,3859.72
421,572.5,7,1,1,1,4,7,6572.17
245,218.2,3,2,6,2,0,5,3379.54
212,226.9,1,0,2,1,1,2,2720.33
109,158.8,2,1,5,1,3,6,2160.16
211,229.4,1,2,7,2,4,3,2841.9
106,91.0,7,2,6,2,3,3,1902.24
132,43.6,7,3,6,1,2,11,1526.05
478,462.2,6,3,2,2,3,5,6261.81
90,34.8,6,3,5,2,2,5,1614.69
266,165.1,3,0,5,2,2,1,2129.65
425,389.3,4,2,3,1,3,4,5120.62
478,424.7,6,0,1,2,0,5,4959.49
116,176.9,6,1,7,2,1,9,2205.28
123,185.1,4,0,2,2,0,2,2249.02
217,173.7,6,1,7,2,3,12,2617.0
299,300.8,3,0,7,1,3,2,3522.97
481,370.9,3,2,1,2,0,8,4381.67
143,128.4,6,0,6,2,0,1,1533.72
123,170.9,3,2,5,2,1,10,2261.01
163,240.7,6,2,2,2,1,9,3146.67
443,413.1,4,0,6,1,2,11,4634.68
63,156.6,3,0,1,2,2,12,1989.48
221,134.9,2,3,2,2,1,11,2201.04
103,35.7,5,2,7,2,0,8,1109.27
120,189.7,4,1,6,2,3,11,2418.47
462,599.0,3,3,1,2,3,2,6371.8
50,104.5,6,0,2,1,3,8,1634.1
194,211.2,1,3,2,2,4,12,2878.78
461,327.3,1,0,1,2,4,5,4244.77
323,201.4,7,2,2,1,4,12,2900.13
82,111.1,5,0,5,1,3,7,1839.78
259,253.9,4,0,1,1,0,6,3298.71
486,428.6,1,1,3,1,1,4,5226.8
230,254.6,5,0,3,2,2,2,2782.7
287,315.1,4,1,7,1,3,11,3786.35
289,375.1,5,0,7,2,4,9,3867.77
347,376.6,1,0,6,1,3,5,4759.97
134,240.0,4,3,3,1,1,12,2777.42
427,447.6,5,3,4,2,3,3,5111.24
494,505.9,3,3,4,1,3,10,5762.02
114,208.5,1,0,7,2,3,6,2726.13
418,369.5,7,1,6,2,2,8,4154.6
417,634.0,5,1,7,1,3,1,6469.46
383,429.3,5,1,4,1,1,8,4625.64
216,262.7,6,1,7,2,1,9,3140.07
260,316.8,5,2,6,2,1,12,3687.53
427,578.4,1,1,6,1,1,5,6692.62
118,193.5,4,1,5,2,3,1,2367.27
422,329.6,7,3,3,1,1,1,4454.64
464,582.2,3,3,5,1,0,2,6167.39
356,352.1,7,1,3,2,0,4,4572.08
203,230.5,1,0,5,1,4,10,2535.71
301,231.5,3,2,2,1,2,3,3188.34
72,128.8,3,1,6,2,2,2,1627.15
469,443.4,5,3,4,2,4,1,5258.84
204,231.0,2,1,5,1,0,5,3075.25
75,75.1,2,0,2,2,4,8,1027.12
407,561.8,5,0,6,2,3,4,6461.03
345,503.8,2,0,6,1,3,6,5826.92
330,353.3,7,1,2,1,2,3,3864.97
74,98.5,7,1,3,2,3,10,1681.47
387,380.9,3,3,5,1,1,1,4677.94
336,433.4,4,3,7,2,1,3,4960.72
407,404.0,3,0,6,1,4,7,4808.53
422,412.5,3,3,4,2,1,11,4700.34
145,233.5,5,2,3,2,3,5,3338.37
144,126.3,3,1,7,1,4,1,1853.35
465,482.4,2,1,7,2,2,7,5980.22
288,197.3,2,1,7,2,1,4,3046.5
247,316.3,7,0,3,2,4,4,4257.97
179,334.9,2,3,4,1,4,12,3857.21
337,407.5,3,0,2,1,2,12,4043.52
389,511.3,5,0,7,2,0,4,6152.58
51,30.0,1,1,7,2,2,8,1104.76
298,334.5,2,0,2,1,2,7,4066.52
497,451.0,2,0,2,1,0,12,4639.86
176,180.1,7,1,4,1,2,12,2468.37
176,250.1,7,1,3,2,0,5,3380.57
445,472.1,6,0,4,2,3,1,4762.76
77,30.0,2,3,3,2,2,1,1297.02
228,155.9,5,3,5,1,3,1,2628.44
256,179.3,5,2,7,1,2,10,2791.54
409,463.4,7,2,7,1,3,9,5112.0
108,272.5,2,3,4,2,3,10,3315.02
245,360.4,6,1,6,1,0,2,3953.79
118,30.0,2,1,5,1,2,1,993.85
404,523.5,4,0,2,1,3,3,5270.08
334,419.5,7,2,6,1,2,8,4721.55
273,184.8,1,0,3,2,1,1,2296.61
226,224.8,2,2,5,2,4,8,3020.24
118,214.7,6,3,6,2,0,11,3048.46
464,522.5,1,0,7,2,4,2,5292.79
341,269.4,5,2,7,1,3,9,3456.3
193,255.8,4,1,6,1,1,7,3366.82
236,106.4,3,1,4,1,0,12,1657.59
376,380.4,7,2,3,2,4,3,4288.58
373,472.7,6,0,4,2,2,3,4912.29
257,278.3,3,3,7,1,4,1,3614.88
186,171.1,1,1,2,2,4,9,2214.4
346,428.3,1,1,4,2,0,11,4490.81
346,434.2,1,3,5,1,3,1,4895.12
319,430.7,7,0,1,2,1,6,5301.28
82,163.2,5,1,5,2,4,9,2138.3
262,357.7,5,3,2,1,1,10,3994.92
326,397.3,2,1,2,1,0,12,4153.24
477,515.6,6,0,5,2,3,9,5645.24
286,312.3,6,1,1,2,2,12,3445.47
204,207.4,6,3,2,2,2,12,2999.43
300,235.1,4,3,4,1,1,12,3320.05
129,82.1,5,3,5,2,2,6,1814.02
90,90.3,4,1,1,2,4,5,1791.62
355,391.9,3,3,3,1,3,6,5280.29
493,613.9,5,1,3,2,4,12,6315.15
430,447.1,3,3,4,1,1,4,5729.94
312,402.2,7,3,3,1,4,10,4608.92
68,163.6,6,0,1,2,1,8,1906.3
494,497.8,6,3,4,1,4,1,5635.5
252,313.6,6,2,6,2,4,6,4318.18
180,183.0,4,2,5,2,0,3,2469.88
451,563.5,7,3,3,2,4,9,6357.2
385,449.5,2,0,4,2,3,6,5204.04
387,323.7,4,2,1,2,3,5,4283.69
174,205.3,1,0,2,2,2,1,2468.13
496,631.4,3,1,4,2,1,2,6382.37
253,260.3,5,0,5,2,4,10,3003.59
289,340.3,4,0,4,1,0,11,3579.24
387,445.2,7,3,7,1,4,4,5984.57
346,293.4,5,1,5,1,1,10,3411.49
127,182.7,3,1,1,2,3,7,2676.9
186,108.4,3,1,4,2,2,5,1912.37
212,188.2,5,2,5,2,1,6,2994.83
476,571.3,6,2,1,1,1,9,5748.1
371,416.0,2,2,3,1,1,11,4684.85
214,212.7,5,3,7,1,4,6,3449.37
380,431.3,5,1,3,2,3,5,5481.12
382,397.8,1,3,4,2,3,10,4676.5
227,247.9,7,3,2,1,3,7,3836.85
231,297.0,4,2,1,2,2,5,4004.99
452,421.1,2,0,3,1,4,6,5172.47
302,324.8,5,1,6,2,1,7,4184.44
117,115.1,5,2,7,2,4,2,1866.02
373,282.0,7,1,5,1,1,1,3450.93
315,270.6,1,1,6,2,1,8,3128.09
279,408.8,3,1,5,2,2,3,4523.81
376,422.9,2,0,5,2,3,7,5148.98
458,385.3,5,0,3,1,3,10,4142.48
198,110.2,4,3,1,1,3,3,1992.45
238,250.1,4,0,3,1,0,5,3209.3
135,264.3,7,3,7,1,0,12,3315.96
341,347.9,4,1,4,2,4,1,4006.81
231,342.5,3,3,6,2,4,10,4090.86
204,248.6,1,1,1,2,0,3,2636.73
363,416.0,3,3,2,1,4,11,4480.59
233,159.5,7,2,3,2,1,5,2767.49
258,343.6,4,3,3,2,4,1,4171.6
248,244.6,7,0,7,2,4,9,2951.46
166,246.4,4,3,4,2,3,2,3342.2
106,69.0,4,1,5,2,0,5,1544.65
422,454.4,4,1,5,1,3,7,5793.75
91,135.6,4,0,3,1,0,9,1799.68
196,205.2,1,3,7,2,1,6,3376.04
350,398.3,1,2,2,1,3,11,4225.79
109,110.4,4,3,1,1,0,6,2147.6
344,318.6,5,2,6,2,1,5,4606.48
379,511.4,4,0,5,1,3,5,5980.65
348,441.4,4,1,2,2,0,10,4713.82
187,153.7,3,1,7,1,1,8,1951.52
58,117.8,5,0,2,1,0,2,1715.74
449,417.0,5,3,2,1,3,10,4787.34
196,133.1,1,3,2,1,0,5,2171.52
412,504.4,4,2,2,1,1,5,6114.05
139,39.7,5,2,6,1,2,2,1024.75
123,207.9,6,2,5,2,1,12,2585.0
400,402.3,3,2,5,1,1,1,4828.96
472,477.2,7,0,7,1,4,12,5080.77
437,485.7,5,2,1,2,3,1,5149.66
388,448.7,4,3,5,1,0,7,5793.07
161,123.2,5,3,1,1,4,2,2022.34
460,530.2,7,2,7,1,2,6,6763.36
350,377.9,2,3,5,1,0,11,4252.33
127,59.1,2,2,6,2,4,8,1501.31
108,116.1,4,1,4,2,1,7,1863.0
442,558.7,1,1,3,1,1,2,5946.54
173,310.4,6,2,5,2,0,12,3658.0
394,464.2,7,3,6,1,4,5,6113.6
112,48.7,5,0,2,1,1,7,1116.62
176,230.3,7,1,7,1,2,11,2784.58
177,256.6,1,2,6,1,1,8,2932.88
176,246.8,5,3,1,1,4,9,3067.35
353,427.9,4,1,7,1,3,3,4828.16
461,506.4,2,2,2,2,2,6,6191.89
459,473.9,3,0,5,1,1,7,5379.51
383,360.4,4,1,1,1,3,3,3879.08
141,30.0,5,3,2,1,2,5,1630.71
482,525.8,2,2,5,1,4,10,5631.48
293,326.0,5,3,5,1,3,12,3977.9
295,354.0,7,0,5,1,0,10,3942.43
365,291.4,1,1,3,1,4,12,3310.99
396,461.2,7,3,6,1,0,12,5312.53
478,641.8,5,3,1,1,1,3,6629.36
312,337.5,3,3,6,1,2,11,4126.94
324,339.7,6,1,3,1,1,8,3775.27
385,426.6,5,3,5,1,4,11,4918.38
164,326.3,6,1,7,2,4,8,3777.58
188,136.3,1,3,2,2,0,2,2248.39
331,365.2,1,3,3,1,1,7,4804.45
78,42.0,5,1,6,1,1,10,1049.6
194,175.7,3,1,7,1,3,2,2534.52
373,389.5,2,3,2,2,2,7,5266.12
489,603.3,3,1,4,2,3,8,6156.03
283,429.1,6,1,3,2,0,6,5134.54
229,280.4,2,2,4,1,2,10,3417.82
248,241.6,7,3,3,1,1,2,3245.88
358,552.5,3,0,1,1,1,5,6147.86
295,285.1,2,3,7,2,3,12,3674.38
60,40.0,1,1,5,2,0,7,1167.73
292,187.8,7,0,4,1,0,3,2413.18
230,347.7,1,1,1,2,2,2,3827.8
365,452.8,3,1,1,1,3,8,4880.89
443,632.2,5,2,4,1,2,12,6575.85
483,405.7,4,2,5,1,0,1,4821.58
324,446.1,2,0,2,2,3,2,4521.61
213,237.9,1,1,6,1,1,5,3273.47
249,325.4,5,0,3,2,3,3,3651.84
129,33.7,4,1,1,2,1,2,1166.06
471,593.8,1,2,4,1,4,4,7200.91
431,506.1,2,3,2,2,1,8,5600.6
434,451.3,4,0,1,1,4,10,4938.12
197,262.2,2,2,1,2,1,4,3487.7
194,160.4,3,1,2,1,3,9,2123.58
435,414.4,1,1,4,1,2,10,4450.66
295,282.6,6,2,7,2,0,1,3501.81
367,257.3,5,0,2,2,0,11,2806.68
270,350.3,6,3,1,1,2,3,4277.63
249,352.4,1,1,2,2,0,9,3600.45
334,304.9,3,0,3,1,3,10,3390.41
415,459.4,2,3,2,2,0,11,4934.25
200,201.4,5,3,3,2,2,5,3360.7
414,457.0,6,2,7,1,1,8,4997.78
159,135.1,2,2,3,2,0,1,1877.06
231,189.2,6,0,5,2,1,6,2796.33
460,553.6,5,1,5,1,2,12,5678.8
479,494.5,6,1,1,1,1,2,5179.04
465,626.5,1,3,2,1,1,2,6504.31
192,215.2,7,1,3,1,1,9,2764.38
429,384.2,4,2,4,1,1,7,4982.53
471,576.9,2,1,1,2,2,6,6639.22
490,554.2,2,2,5,2,4,3,5951.9
59,129.9,7,0,3,1,2,3,1751.54
385,488.3,7,2,3,1,2,9,5472.94
498,472.3,1,0,5,2,3,5,5580.61
394,405.1,4,2,7,2,2,10,4617.4
154,162.0,6,0,7,1,4,6,2596.56
393,322.6,5,3,7,1,2,5,4949.83
97,98.5,2,3,3,1,1,3,1633.33
266,379.5,3,2,1,1,2,8,4043.82
331,367.6,3,3,2,1,3,4,4974.21
255,180.8,3,3,3,1,1,11,2572.03
364,275.1,7,0,3,1,1,5,3618.27
158,294.5,2,2,2,1,2,10,3325.12
322,335.7,5,1,2,1,4,6,4557.03
340,314.7,7,3,2,1,1,5,4358.21
335,335.8,6,3,5,1,2,6,4931.29
180,96.6,6,3,4,2,3,6,2267.86
187,306.6,2,1,1,1,3,6,3828.05
166,158.5,1,0,4,1,0,11,2069.69
257,372.7,6,0,6,2,1,9,4001.73
313,336.6,6,0,3,2,4,1,3707.15
213,333.1,6,3,3,1,4,1,4054.93
234,272.0,3,2,2,1,3,1,3224.16
178,257.7,4,1,3,1,0,9,2969.52
148,218.3,1,1,2,2,2,3,2514.4
345,408.6,3,0,7,1,0,5,4979.07
417,461.4,4,2,7,1,1,10,4914.21
180,183.7,1,1,3,2,4,2,2222.72
437,591.1,1,3,7,2,1,2,6110.19
306,262.5,1,0,6,1,0,1,2923.05
125,145.3,2,3,1,1,3,4,2318.25
214,235.0,7,0,4,2,3,2,2730.12
53,101.2,5,1,5,2,3,8,1494.3
67,56.9,7,1,3,2,4,9,1496.84
201,243.0,2,2,4,2,3,3,2899.18
254,262.2,5,2,4,1,3,7,3604.6
408,317.3,7,0,5,2,4,4,4345.93
110,130.7,3,1,3,2,1,1,2023.9
427,370.0,5,2,5,2,2,6,5048.46
155,53.6,5,1,2,1,2,9,1246.82
112,141.6,6,0,7,1,3,3,2054.26
364,418.2,7,0,1,1,2,10,4492.03
398,454.9,5,2,1,2,2,12,5054.57
322,381.7,5,1,1,2,0,1,4066.48
102,30.0,7,2,3,1,3,2,1272.11
101,30.0,5,0,5,2,0,4,879.99
225,383.1,3,2,7,2,2,11,4172.96
252,198.7,5,0,4,2,2,2,2664.48
499,561.8,4,2,2,1,3,6,7015.1
178,149.9,2,3,3,1,2,7,2684.73
136,161.6,4,1,1,1,0,2,1806.61
475,450.7,5,0,4,2,2,1,4681.53
119,178.3,7,0,6,2,1,2,2146.39
61,90.6,5,1,1,1,1,1,1388.3
240,228.6,2,0,6,1,1,7,2857.98
230,176.5,7,3,2,2,0,12,2658.64
328,366.7,5,3,5,2,4,5,5309.91
444,379.1,3,3,6,1,1,4,5268.52
469,518.9,6,3,6,1,2,3,5835.23
180,383.9,3,2,5,2,4,12,4083.5
491,605.5,3,1,5,2,1,12,6005.72
334,404.3,6,1,2,2,4,8,4300.55
81,95.0,7,1,1,2,2,6,1618.07
472,356.3,4,3,3,1,4,2,4428.96
112,39.4,3,1,5,2,2,12,1169.87
314,423.8,7,1,5,2,0,1,4466.09
405,369.7,2,2,6,1,4,2,4322.43
162,133.1,6,1,3,1,4,9,2163.71
171,179.4,5,1,7,1,4,3,2648.24
264,209.7,6,0,4,1,0,2,2633.43
448,382.1,3,0,2,1,4,8,4122.05
150,166.5,6,0,6,2,1,1,2231.6
348,305.6,1,1,1,1,4,4,4153.25
253,221.1,6,3,3,2,4,8,2902.99
100,65.3,1,1,6,2,0,3,1428.44
369,425.6,5,2,6,2,1,10,4720.08
424,427.8,2,1,2,1,1,2,4485.16
309,316.5,7,1,2,1,1,8,3581.51
129,190.8,6,0,1,1,2,1,2253.66
120,130.1,1,2,1,2,2,9,1773.12
240,240.5,7,2,6,1,3,10,3120.1
277,329.9,2,1,6,1,3,10,3729.87
298,364.8,4,2,4,2,1,4,4794.99
159,168.7,1,1,4,2,0,3,2184.88
275,300.6,1,1,3,1,3,12,3315.39
182,147.3,2,2,2,2,0,9,2209.3
358,317.8,4,2,1,1,0,3,3851.94
408,481.8,4,0,5,1,3,1,5084.26
343,394.1,6,1,1,1,1,5,4952.15
50,101.9,2,1,1,2,0,8,1553.01
496,535.7,6,3,6,1,1,5,6959.23
60,83.2,1,1,5,1,2,10,1646.7
499,567.7,3,3,4,2,4,7,7300.71
64,149.5,2,2,2,1,4,12,2018.7
282,365.8,1,0,2,1,3,11,3632.44
97,109.9,5,1,4,1,4,6,1935.11
92,209.1,7,3,3,2,2,11,2801.12
357,393.0,5,1,4,2,2,6,5066.1
377,441.3,6,2,2,2,4,1,4858.75
103,142.7,5,3,2,1,1,4,2652.5
489,526.3,1,2,1,2,4,5,6312.79
194,162.5,3,0,3,2,4,12,1901.38
193,262.1,6,1,2,2,1,10,3042.56
183,402.2,1,1,2,2,3,2,4005.29
257,250.8,1,1,4,2,3,1,2832.68
130,155.0,6,3,4,1,3,7,2690.17
241,229.8,1,0,2,1,1,7,2831.09
144,129.8,7,2,5,2,4,9,2180.69
73,201.1,6,3,3,1,2,4,3010.66
215,187.9,5,3,3,2,0,10,2664.02
352,338.8,4,2,4,2,0,5,4577.2
393,301.9,1,3,1,1,3,5,4441.08
209,176.0,3,1,3,2,2,6,2855.68
195,95.4,6,2,5,1,0,12,1834.11
404,468.2,7,2,1,2,2,5,5972.86
356,572.0,4,0,4,1,2,7,6427.71
424,418.3,6,0,1,1,0,11,4456.88
457,360.3,6,3,5,2,1,1,4552.91
419,502.0,1,0,1,1,2,7,5897.83
471,440.1,5,1,2,1,3,9,4591.5
237,348.0,5,2,3,1,3,11,3908.49
227,227.3,4,2,5,2,0,1,2971.62
194,169.8,6,2,6,1,3,9,2490.78
155,162.5,7,3,4,1,4,10,2428.15
386,459.0,4,3,1,1,0,5,5660.04
371,375.1,3,3,3,2,4,9,4569.62
410,395.2,7,2,6,1,0,6,5167.98
125,131.1,7,3,1,1,3,8,1973.28
271,202.0,5,2,6,2,1,5,3362.3
149,196.8,5,2,3,1,3,3,2646.57
451,345.9,1,3,1,2,4,10,4235.91
170,158.9,3,3,5,1,4,3,2334.33
114,187.2,2,0,1,2,4,3,2134.87
306,347.2,4,3,3,1,4,11,4292.22
445,506.3,6,2,2,2,1,12,5310.08
462,477.4,2,3,5,2,2,8,5202.79
93,194.9,7,2,1,1,3,7,2832.6
196,280.7,1,3,1,1,0,5,3782.81
119,170.2,1,1,4,1,2,8,2035.13
188,272.9,7,0,7,1,2,8,3151.75
290,362.5,1,0,1,2,4,7,4469.31
176,165.2,6,1,4,1,0,8,2244.6
80,30.0,6,0,6,2,0,7,1127.55
279,328.4,3,1,3,1,0,11,3615.54
73,131.2,1,0,4,2,2,9,1625.8
152,248.3,3,0,6,2,2,5,3018.46
50,30.0,1,2,6,2,2,8,953.64
89,45.5,5,3,3,2,1,3,1266.2
246,298.2,7,0,6,2,1,3,3345.56
432,447.0,7,2,5,2,2,10,5117.82
398,286.0,6,2,4,2,0,7,4026.78
94,140.3,6,2,4,1,3,1,2110.62
65,30.0,7,0,7,2,0,5,980.57
202,155.8,6,2,7,2,3,12,2320.92
343,457.6,5,0,7,2,2,8,4695.02
386,533.7,7,0,5,2,4,11,5367.42
420,354.9,3,1,3,1,3,7,4699.49
203,199.9,3,3,1,1,2,1,2703.97
125,148.0,7,0,1,1,3,3,2000.29
61,205.7,3,3,7,1,0,2,2601.6
116,101.5,3,3,3,1,0,9,1757.81
79,65.6,2,3,1,1,2,10,1673.67
437,565.4,2,1,2,2,4,6,6466.92
170,163.8,5,0,1,2,4,9,2253.01
420,490.6,7,0,4,2,1,7,6086.02
298,214.6,1,3,5,1,1,9,3042.22
292,300.0,5,0,3,1,4,9,3307.86
254,157.8,6,2,6,2,2,6,3040.47
418,364.1,7,1,4,1,0,8,4118.77
69,147.7,6,3,7,2,1,4,2591.7
91,107.5,2,2,6,2,4,9,1776.16
240,237.7,4,2,1,2,4,11,2975.41
227,194.6,7,3,2,1,4,3,2746.42
295,299.6,7,3,6,2,0,9,3968.54
382,423.1,5,1,4,2,4,2,4571.83
314,402.8,7,2,6,1,0,5,5194.21
165,30.0,5,2,3,1,4,9,1087.75
197,158.8,1,3,1,2,4,4,2775.62
388,419.1,7,1,6,1,1,3,4481.81
140,153.1,2,1,6,2,0,5,2208.08
276,324.2,3,3,5,1,3,2,3895.82
292,330.7,2,3,3,2,0,8,4044.2
387,385.7,6,2,1,1,2,2,4455.66
371,354.1,1,0,6,1,1,4,4404.63
259,261.8,5,1,5,1,2,4,3582.39
189,289.4,7,1,5,1,4,12,3316.7
215,183.8,6,2,2,1,4,12,2686.76
235,250.6,3,2,6,2,2,1,3090.37
148,180.8,7,3,6,1,1,2,2758.57
331,460.2,3,0,7,1,4,9,4866.36
143,142.0,5,1,4,1,2,4,2189.63
341,428.1,4,2,6,2,0,8,4646.42
388,494.2,1,3,3,2,4,12,5354.87
482,497.5,1,0,5,2,4,2,4994.17
103,108.2,2,3,5,1,1,12,1812.92
391,388.0,7,0,6,2,0,1,4411.7
88,90.1,7,0,6,1,0,3,1278.89
201,280.8,3,3,1,2,2,7,4103.22
129,165.2,7,3,6,1,1,11,2455.19
123,159.5,1,3,6,2,3,7,2995.58
128,69.2,7,2,4,2,3,2,1548.5
69,30.0,2,2,4,1,0,3,996.52
420,590.0,1,2,6,2,4,10,6040.12
77,84.6,6,2,4,1,0,7,1723.81
229,194.8,3,2,3,2,0,1,2772.46
364,484.2,3,1,6,2,3,7,5928.9
495,534.7,6,3,6,2,3,5,7061.13
434,494.5,3,1,2,2,4,1,5074.59
111,121.3,6,2,6,1,2,3,2057.74
494,491.7,2,2,3,1,2,12,5214.11
344,352.1,1,2,1,2,3,9,3853.78
130,53.2,3,2,7,1,3,1,1429.96
251,264.8,5,0,2,1,3,1,3004.35
463,503.7,2,1,2,1,1,5,6008.39
226,375.5,2,1,2,2,4,6,4666.06
132,158.0,6,1,4,1,1,6,2539.57
443,299.6,4,3,2,1,1,9,4027.75
478,491.4,4,3,2,1,1,3,5323.41
489,650.0,2,2,3,1,1,1,6785.04
480,560.6,1,1,2,2,1,9,5952.17
442,405.2,1,0,2,2,2,11,4240.4
254,315.4,5,3,7,2,3,3,3734.68
136,104.1,1,3,5,2,2,5,2033.34
327,252.2,2,1,1,1,4,8,2977.29
149,144.6,7,3,1,2,2,2,2592.33
262,288.4,3,3,6,1,2,11,3597.39
345,233.9,6,2,2,1,0,3,3013.32
475,414.6,3,0,2,1,4,7,5025.34
180,200.7,7,0,5,1,0,5,2609.25
163,154.4,6,3,6,2,0,9,2566.86
380,427.6,4,2,3,1,4,3,4743.57
52,30.0,5,0,6,2,2,2,1151.38
304,374.0,3,0,3,1,0,7,4498.86
385,322.1,7,3,1,1,2,11,4144.11
297,432.0,3,1,6,1,2,8,4505.68
222,121.9,6,1,7,1,0,10,1825.03
422,365.5,5,2,7,1,3,6,4912.25
216,265.2,5,1,1,2,3,2,2943.66
369,505.5,3,3,4,2,0,6,6414.55
258,300.1,6,2,5,2,3,12,3622.84
61,120.4,6,1,1,1,1,10,1792.78
288,309.2,6,1,7,2,3,9,3686.58
72,30.0,6,3,1,2,1,4,1431.57
468,453.7,2,2,2,1,1,8,4814.51
320,255.2,7,3,7,2,2,8,3588.56
217,147.5,6,1,4,2,2,8,2169.58
268,316.1,2,0,5,2,1,11,3505.07
328,269.4,7,3,4,1,4,9,3538.65
167,209.4,4,0,6,1,3,3,2530.16
179,107.9,3,3,1,1,2,3,2137.26
238,278.7,2,2,5,1,1,8,3322.03
166,151.8,3,0,1,1,2,11,1959.13
391,509.5,1,3,2,1,0,12,5485.42
96,138.7,5,0,4,1,4,8,2031.99
421,527.5,5,1,4,2,0,7,6364.69
206,173.1,5,1,2,1,3,10,2394.65
302,325.9,4,2,6,1,1,12,3813.67
120,71.3,3,2,3,1,3,1,1384.93
223,214.0,6,2,7,1,1,4,3156.43
389,390.7,7,1,1,2,0,5,5143.21
171,140.2,1,2,2,2,4,7,2296.02
109,43.9,3,0,3,2,3,4,1245.14
284,205.1,7,2,5,2,0,4,3376.0
123,30.0,7,0,3,1,0,1,1018.73
191,137.1,7,0,2,2,2,1,1872.29
252,315.9,2,2,4,2,4,6,4154.34
303,211.1,4,0,7,1,2,12,2676.07
337,261.2,1,3,1,2,0,4,3813.39
354,499.4,7,0,2,2,3,3,4970.85
429,404.4,4,0,4,2,2,4,5254.96
79,121.5,2,3,6,1,3,12,1904.91
213,278.0,1,0,1,1,1,8,2768.65
50,116.4,6,3,2,1,0,8,1880.23
54,30.0,6,1,2,1,0,3,1076.14
145,148.8,7,3,5,2,3,11,2198.36
319,225.7,7,3,1,1,3,3,3333.12
452,643.2,6,0,5,2,1,12,6290.61
398,306.4,6,1,3,1,0,12,3651.48
340,286.7,6,2,3,1,3,7,4038.8
400,347.2,7,3,7,2,0,11,4605.73
127,42.2,4,0,6,1,0,12,998.67
427,541.7,6,0,6,1,2,7,6269.0
450,639.6,6,1,7,1,3,10,6492.35
92,78.7,1,0,2,1,4,8,1188.48
261,188.6,5,1,6,2,3,7,3021.07
423,286.4,3,0,2,2,4,5,3931.84
264,266.9,1,3,3,2,3,8,3389.31
428,425.9,2,3,4,2,4,4,5524.49
470,444.4,1,0,6,1,0,3,4577.32
263,298.5,7,2,5,2,0,4,4251.06
76,123.7,6,2,4,1,3,1,1863.84
203,245.6,1,2,3,1,4,12,3055.38
146,143.9,5,3,5,2,3,4,2728.09
263,205.9,5,2,4,1,1,10,2755.74
313,379.6,4,2,4,2,2,6,5093.34
258,278.9,5,0,5,2,0,5,3398.26
137,219.2,7,0,5,1,1,3,2443.68
185,260.3,4,2,3,1,3,10,3278.39
355,275.5,5,3,1,2,0,7,4342.25
62,30.0,4,1,3,2,2,6,1402.93
146,113.1,3,2,3,2,1,8,1866.76
451,397.1,7,0,2,2,2,10,4433.05
94,166.9,3,1,2,1,3,8,2173.21
236,280.6,6,3,7,1,4,6,4322.97
143,239.9,5,2,2,2,2,11,2987.7
97,144.8,5,0,6,1,4,11,1996.52
240,274.6,6,3,1,2,3,12,3573.94
284,388.0,6,3,7,2,4,2,4671.91
129,181.9,4,1,2,2,3,11,2200.02
85,109.8,5,1,3,1,2,3,1603.58
110,233.6,4,2,6,2,3,8,2849.05
343,371.1,3,3,2,1,1,8,4149.65
437,435.7,6,1,4,2,3,3,4642.92
131,92.4,7,0,6,1,3,1,1477.65
194,263.2,5,0,1,2,3,12,2893.47
204,310.6,6,3,1,1,0,11,3684.27
212,228.5,6,3,6,1,2,3,3185.45
159,270.6,3,3,2,1,3,8,3305.92
74,30.0,1,0,7,2,0,2,773.97
286,302.1,3,0,7,1,3,7,3742.19
210,227.2,6,1,7,1,4,4,3413.78
204,173.1,6,0,7,1,2,10,2238.09
169,355.9,4,1,6,1,4,7,4338.57
468,483.4,6,2,3,1,4,6,6149.91
324,315.5,1,1,7,1,2,9,3488.63
238,259.8,5,0,3,2,4,6,3384.14
142,30.0,5,1,5,2,4,1,1100.91
410,376.8,4,2,1,2,0,8,4282.36
449,537.8,6,2,7,2,4,10,5974.67
64,40.0,4,1,5,1,0,6,1215.63
468,430.0,4,1,7,2,2,3,4994.03
364,475.7,5,2,3,1,4,1,5299.68
94,207.8,6,0,3,2,3,4,3001.56
388,444.2,2,3,4,1,1,10,5018.05
98,86.1,3,3,7,1,3,4,2104.08
72,75.2,3,0,4,1,1,12,1092.85
101,64.7,2,3,6,2,1,4,1904.41
256,206.4,3,0,2,1,4,6,2763.38
328,274.9,3,1,6,2,0,10,3116.25
233,209.7,3,2,6,1,4,8,2994.6
104,51.6,3,1,7,1,2,1,1048.77
139,49.5,4,0,1,2,0,1,1080.7
433,468.4,5,0,3,2,3,3,4818.5
483,519.4,3,2,1,2,0,11,5684.06
389,528.1,6,0,3,2,1,1,5501.41
96,69.2,4,1,6,2,1,1,1434.28
418,458.7,6,1,5,1,3,10,5126.73
361,402.9,1,3,6,2,1,8,4630.78
286,288.2,2,3,6,2,3,12,3928.8
114,186.1,4,3,7,1,0,3,2672.39
498,572.3,3,2,7,1,3,8,5991.12
249,291.9,4,2,5,2,3,2,3549.89
69,71.1,2,1,7,1,1,8,1255.56
144,139.0,4,0,1,2,4,2,1809.33
230,154.3,5,3,6,1,2,11,2308.05
78,41.6,6,1,4,1,3,5,1350.07
195,171.5,2,1,7,1,0,4,2398.17
260,201.3,3,0,4,1,4,12,2161.79
476,526.8,4,1,2,1,1,1,5432.63
88,191.8,4,2,6,1,3,10,2406.36
309,265.4,6,1,7,2,0,7,3671.34
462,501.8,3,2,1,2,0,9,5007.12
412,359.6,5,0,1,1,0,4,4357.85
466,464.7,7,0,5,1,4,11,4965.54
126,97.7,3,3,4,2,1,6,2068.82
410,472.1,6,1,4,2,4,6,5940.79
490,462.5,3,1,1,2,2,6,5901.45
196,286.8,3,1,5,2,0,4,3761.62
274,276.8,5,2,4,1,2,4,4026.91
288,262.5,5,2,6,1,2,2,3457.42
272,204.3,4,1,3,1,1,6,2867.05
180,217.7,2,3,3,2,3,6,3399.58
486,568.7,1,3,1,2,4,5,7155.41
480,519.1,7,0,4,2,4,12,5427.57
221,397.7,7,2,5,2,2,2,4337.61
412,532.1,7,3,2,2,4,11,5958.15
228,226.5,4,1,6,2,4,11,2694.88
407,404.7,7,0,7,1,0,1,4251.69
313,365.9,4,0,2,1,3,9,3774.8
261,222.3,1,2,5,1,3,3,2919.44
107,208.6,2,3,5,2,0,1,2750.52
344,389.3,2,0,1,1,3,11,4143.04
194,232.0,3,2,2,2,4,2,2821.18
147,215.1,7,1,3,1,1,4,2888.02
136,276.6,3,1,1,2,4,2,3136.17
491,523.0,5,2,3,2,4,2,5643.69
96,108.1,2,3,2,1,3,1,1778.09
409,534.6,5,0,7,2,3,11,5275.79
439,526.7,4,0,5,2,2,1,5431.88
63,60.5,2,1,3,1,2,10,1322.91
315,335.4,4,1,6,1,2,2,3665.46
309,342.7,1,2,1,2,2,11,3999.35
211,256.3,7,2,5,2,2,11,3253.95
350,275.0,5,0,5,1,4,8,3030.46
233,145.0,7,1,6,2,3,10,2160.45
247,204.9,7,2,2,1,1,4,3075.83
244,196.5,2,1,5,2,2,10,2506.86
410,384.9,5,2,6,2,1,3,4551.79
334,398.4,1,1,6,1,0,8,4439.79
220,228.2,7,1,2,1,1,12,2621.3
467,500.7,6,0,7,2,0,9,5203.36
410,344.3,5,0,2,1,4,4,4305.32
469,456.7,7,0,3,1,0,9,4670.46
378,439.1,6,2,2,1,1,11,4838.74
226,287.6,7,0,2,1,1,11,3148.08
397,366.3,1,2,2,1,1,9,3910.24
198,229.3,1,3,1,2,1,9,2938.17
171,344.9,7,2,6,2,3,10,3827.89
252,270.8,2,2,5,2,4,9,3341.12
486,457.5,3,0,3,1,0,2,4901.85
305,312.8,1,1,4,1,1,10,3524.83
222,248.5,5,3,5,2,2,3,3321.01
257,266.4,6,1,2,2,1,7,3583.23
181,198.8,6,3,3,2,3,5,3292.89
346,265.0,5,2,7,1,1,3,3478.45
207,159.6,5,1,1,1,2,4,2549.19
299,308.5,4,0,7,2,2,2,3457.98
216,224.4,4,0,7,1,1,6,3036.25
194,174.4,4,1,2,2,3,6,2517.61
486,493.6,7,1,3,2,3,5,6104.39
205,229.3,2,2,2,2,2,2,2946.93
81,163.3,4,2,4,1,2,8,2307.97
220,233.1,5,1,2,2,4,3,2893.28
289,336.9,4,2,6,2,4,11,4169.16
92,74.1,1,3,3,2,4,1,1680.88
187,247.0,3,2,7,2,0,1,3022.21
124,170.3,5,3,6,1,4,4,2782.99
275,355.6,5,1,3,2,4,5,4735.82
375,444.9,6,3,5,2,4,12,5247.96
485,546.2,7,1,1,2,3,7,6868.47
225,238.1,5,0,1,1,1,5,3336.86
438,475.1,5,0,4,2,3,11,4846.36
146,240.4,3,0,4,1,2,3,2458.73
401,375.4,3,3,3,2,4,11,4167.53
303,279.0,6,0,1,2,1,5,3760.87
391,423.7,4,3,6,1,3,4,5716.7
389,438.1,6,3,3,1,3,4,5788.15
289,251.3,1,1,4,1,4,1,2852.43
165,179.8,1,3,3,1,0,9,2446.4
286,299.4,2,3,4,1,4,7,4271.93
422,286.9,2,3,5,2,1,8,3856.16
486,490.6,5,1,6,2,4,8,5406.11
467,476.0,5,1,4,1,0,1,5163.16
131,139.8,4,0,2,2,1,11,1776.5
318,437.1,3,3,7,1,3,7,5793.95
97,31.9,5,3,2,2,2,9,1404.74
351,313.3,1,2,1,1,3,1,3516.63
496,333.1,4,0,1,1,2,10,3939.71
73,59.3,2,3,6,1,0,9,1576.22
345,337.3,1,1,3,1,3,5,4355.59
475,459.3,2,2,1,2,2,12,5090.96
431,528.5,1,2,6,2,2,8,5821.24
226,306.2,4,0,3,2,1,11,3089.4
96,121.4,4,0,7,2,4,10,1877.04
465,459.1,5,0,7,2,3,3,4889.12
464,555.8,4,3,1,1,0,12,6076.05
310,328.6,2,3,5,1,0,9,3921.1
490,452.7,1,1,5,2,0,3,4731.16
52,30.0,5,1,2,2,0,10,883.82
327,316.1,7,1,3,2,3,6,4421.87
67,139.8,2,1,4,1,3,11,1800.74
471,650.0,2,2,2,1,2,3,6511.62
356,380.3,3,1,6,2,2,4,4785.4
461,427.4,2,2,2,1,4,5,5579.92
303,240.1,2,1,7,2,4,6,3704.96
87,145.6,4,2,6,2,2,8,1887.72
61,30.0,6,3,5,1,2,3,1631.28
201,259.5,5,0,1,2,2,9,2909.75
384,461.2,7,0,1,2,4,1,4914.59
117,167.5,3,2,2,1,3,4,2533.11
433,437.6,4,0,4,2,1,8,4625.69
157,216.5,3,0,6,1,4,4,2893.59
273,305.0,1,3,2,1,1,6,4032.87
141,106.5,3,1,5,1,3,8,1585.08
259,408.5,2,2,1,2,4,3,4559.88
253,248.4,4,3,2,2,4,12,3116.05
52,126.3,2,0,5,2,0,11,1616.01
305,155.7,6,1,6,2,1,12,2336.25
403,512.4,6,0,6,1,3,6,5949.69
471,593.8,7,1,4,2,0,5,7308.52
198,220.1,1,0,1,1,0,12,2262.78
446,505.1,1,3,3,2,1,9,5389.52
445,504.1,7,1,6,2,2,10,5426.15
494,469.0,6,0,1,2,0,3,4851.42
217,275.3,5,0,5,2,0,11,3058.61
432,395.4,3,0,5,2,1,7,4927.59
304,281.4,4,0,6,2,2,10,3266.33
76,174.9,4,0,2,1,2,10,1971.4
171,259.2,6,2,2,2,3,2,3100.59
352,322.6,4,3,2,2,4,2,4106.55
122,90.6,1,3,3,2,0,1,1706.32
245,219.8,5,3,4,2,3,8,3035.95
398,469.3,6,3,1,1,0,11,5383.33
117,67.0,3,1,4,1,1,1,1263.25
273,318.0,1,1,2,1,1,2,3573.99
146,218.3,1,2,4,1,3,6,3228.17
291,304.8,6,1,3,1,1,5,4175.78
158,248.7,4,2,7,2,4,2,3208.92
484,482.7,4,3,3,2,1,8,5461.85
84,89.0,7,0,7,2,4,11,1515.16
483,434.6,1,3,2,2,4,3,5000.97
406,497.2,2,3,1,2,2,1,5165.23
435,401.3,6,2,2,2,0,3,4699.27
433,477.5,4,1,3,2,3,3,5143.3
134,149.0,1,1,7,1,2,6,2380.28
468,414.3,5,0,2,2,1,2,4457.86
317,294.4,1,1,6,2,2,5,4018.73
482,598.8,6,2,5,2,1,2,6186.27
445,479.1,6,2,3,2,1,9,5155.44
310,259.4,6,0,3,1,4,6,3222.71
218,259.4,4,2,7,1,1,1,3170.34
102,111.8,2,3,6,1,2,1,1837.23
95,356.8,7,0,2,1,3,6,4024.26
225,265.0,4,0,7,1,1,8,3000.82
414,407.4,5,3,3,2,3,3,4770.06
277,396.4,1,2,1,1,4,4,4738.41
266,157.1,5,2,6,2,4,8,2820.02
160,186.6,5,3,7,2,0,6,3114.52
303,462.6,3,2,4,2,2,2,4818.02
337,348.9,6,2,5,1,0,5,4594.49
491,389.7,1,0,2,1,3,3,4167.71
378,370.3,6,3,6,2,1,12,4486.91
323,444.8,7,3,3,2,4,10,5243.35
459,505.3,4,1,2,2,0,4,6090.6
241,202.3,1,2,4,1,4,3,2902.52
470,442.0,4,2,2,1,1,2,4859.78
216,196.8,4,0,5,1,4,9,2466.3
107,152.3,4,0,6,2,0,12,2029.77
237,350.7,2,2,3,2,1,4,4620.28
107,200.7,5,2,6,1,1,8,2739.32
103,154.9,2,2,4,1,4,3,2118.31
446,372.8,4,1,7,2,3,12,4330.38
407,334.0,5,3,2,2,4,4,4549.22
149,206.3,5,1,5,2,2,2,2563.17
426,351.8,6,0,4,1,3,11,4086.05
81,85.2,7,0,7,2,3,12,1577.54
177,218.3,6,3,2,1,3,5,3383.71
367,307.4,6,2,2,2,4,11,4036.72
186,134.3,7,1,7,1,4,3,2065.39
378,391.4,2,0,7,1,2,4,4685.61
443,498.3,3,0,6,2,2,7,5875.86
79,173.3,4,0,4,2,3,8,1935.22
60,122.5,4,0,3,1,3,5,1880.7
473,498.2,5,2,5,2,4,10,5579.1
284,251.8,1,0,6,1,3,10,2942.48
277,222.0,1,0,2,1,4,2,2525.37
258,242.2,6,1,1,1,3,12,2942.99
245,293.7,6,2,1,2,4,2,3297.89
360,403.6,3,1,3,1,3,7,5047.9
310,183.0,3,0,5,2,4,6,2811.72
123,88.0,4,2,4,2,0,6,1764.54
331,435.3,4,1,5,1,4,2,4636.23
350,375.5,2,0,4,1,1,5,4479.9
101,30.0,4,2,2,1,3,1,1337.92
219,403.9,6,3,6,1,1,12,4420.51
405,423.0,6,2,6,2,2,2,4890.16
328,374.9,6,0,7,2,3,6,4603.44
111,159.0,5,1,6,1,2,3,2055.78
68,62.3,7,2,3,1,3,3,1474.42
311,280.1,2,3,5,2,0,5,4062.63
257,425.5,1,3,3,2,4,12,4698.92
482,572.2,1,3,7,1,2,6,7114.31
285,362.5,7,3,5,1,3,12,4274.55
469,529.3,5,2,6,2,1,10,5862.49
146,95.8,2,2,2,2,2,6,1914.31
251,360.4,6,2,1,2,2,11,4066.0
112,73.0,3,2,1,1,0,5,1650.88
308,347.8,5,2,4,1,2,7,4647.72
134,39.2,2,0,7,1,3,9,1063.9
271,148.1,1,3,5,2,4,8,2509.98
204,246.3,2,0,6,1,4,10,2827.58
133,96.4,2,1,4,2,1,2,1518.73
93,30.0,4,1,7,2,3,6,1132.84
280,337.8,1,3,7,1,0,8,3779.99
476,644.4,2,0,2,1,4,4,7047.19
139,256.3,4,1,7,1,4,11,3191.73
232,234.0,3,1,1,2,4,4,2999.43
151,171.6,5,0,5,2,2,4,2632.4
414,496.1,5,0,4,2,1,4,5775.86
236,334.5,7,1,3,2,3,9,3922.87
488,484.0,6,3,7,1,3,2,5313.71
160,182.4,2,1,5,1,1,2,2237.41
86,127.0,5,3,1,1,2,10,2210.44
312,370.8,5,2,1,2,3,3,4314.31
343,353.7,5,3,1,1,2,2,4162.34
495,506.6,6,3,3,1,1,4,6294.32
442,558.6,2,2,1,2,1,5,6527.2
447,551.7,3,2,2,1,2,1,5942.76
335,388.4,6,0,6,2,1,11,4143.24
211,351.3,7,2,7,2,1,2,4043.55
243,235.9,1,0,6,2,0,5,3117.61
110,243.6,4,2,4,2,1,3,2771.25
243,301.0,2,2,5,1,3,4,4089.52
213,462.0,2,3,7,2,1,1,4926.42
66,30.0,1,2,1,2,0,12,1020.44
142,113.7,4,1,7,2,4,12,1790.75
290,339.3,5,1,6,1,2,2,3627.62
216,263.8,4,2,3,1,2,3,3127.13
497,650.0,3,1,4,1,2,11,6609.29
265,238.2,6,1,4,2,2,5,3494.24
481,564.3,5,1,2,1,2,1,5834.53
347,448.4,7,2,2,2,3,2,5079.83
68,137.3,3,0,3,1,4,5,1924.44
141,93.7,2,2,1,2,4,7,1955.76
367,485.5,4,1,4,2,2,8,5040.28
295,401.1,4,1,4,1,1,2,4370.43
185,247.0,4,1,3,2,0,5,3337.97
284,318.3,6,0,2,1,2,4,3914.34
456,491.8,1,2,7,1,4,7,5982.08
224,238.5,4,2,5,1,1,4,3573.86
70,134.9,4,3,4,1,4,3,2047.52
189,211.2,2,1,6,2,3,10,2641.12
471,431.6,5,2,3,2,3,7,5972.91
392,338.6,6,2,2,2,2,6,4791.53
426,393.4,4,2,5,2,3,2,4779.07
460,495.5,1,2,6,1,0,1,5240.93
102,120.1,1,3,5,1,0,10,2050.84
177,212.1,3,3,4,2,0,12,2849.61
76,131.1,5,0,1,1,3,8,1698.79
52,30.0,3,1,5,2,2,1,1216.9
425,547.6,3,2,5,2,1,6,6623.09
471,472.3,7,2,3,2,0,4,6071.7
120,109.7,1,1,2,2,2,1,1505.83
374,427.8,1,0,7,2,1,2,4551.11
290,181.4,2,2,3,2,0,6,2866.19
81,45.7,7,2,2,1,0,6,1562.1
462,550.7,4,0,5,1,3,7,6235.04
442,340.4,2,2,4,2,3,9,4171.36
305,403.2,3,3,4,2,1,4,5196.07
368,493.8,7,2,5,2,2,4,6293.74
228,222.1,5,3,3,1,1,9,2996.51
406,446.4,2,1,2,2,2,3,4679.66
250,348.3,2,0,2,2,0,1,3529.97
495,482.3,1,2,7,1,4,11,5224.02
78,158.7,6,0,4,1,3,3,2054.84
127,100.0,1,0,3,2,4,2,1328.72
485,471.6,3,0,3,1,1,9,4849.81
179,143.0,3,3,6,1,4,7,2732.18
189,233.0,5,3,7,1,2,2,3311.9
406,507.1,5,1,6,2,0,11,5338.96
135,142.1,6,2,4,1,1,3,2101.22
281,212.0,3,1,4,2,4,9,2795.54
178,122.2,3,0,7,1,3,8,1495.91
139,186.6,3,3,6,1,3,10,2487.26
483,632.1,1,3,3,2,1,9,6565.68
139,186.6,6,1,7,1,3,9,2355.04
92,84.9,4,1,6,2,4,1,1356.62
353,426.6,4,3,6,2,0,12,4974.92
440,443.2,7,1,1,2,1,2,4881.7
107,100.5,2,1,1,1,0,4,1687.4
368,320.9,7,1,3,1,0,6,4203.97
293,411.6,5,1,6,2,4,4,5177.22
423,265.3,2,2,1,1,1,8,3402.43
107,182.9,5,0,1,1,0,1,2030.98
489,476.5,6,1,1,1,0,6,5911.92
328,319.3,3,1,2,1,4,5,4071.69
428,566.5,3,1,7,1,2,8,5821.29
212,182.0,6,1,6,2,3,7,3036.12
474,446.4,2,1,6,1,1,10,4970.08
331,341.9,1,1,3,2,3,2,3963.86
107,156.0,5,3,5,2,4,12,2473.62
465,454.1,7,2,6,1,3,5,5955.47
408,317.8,4,2,4,2,2,5,4444.72
185,144.4,1,1,6,1,1,7,2053.3
295,404.7,4,3,4,1,1,2,4404.1
224,249.2,2,0,3,1,2,10,2718.36
294,345.6,6,2,5,2,2,4,4664.66
484,485.7,5,0,7,2,0,12,5303.01
454,427.8,3,3,6,2,0,2,5135.82
146,283.4,5,1,4,2,2,11,3117.95
487,493.8,5,1,5,1,0,5,6157.29
247,236.0,5,0,7,2,2,8,2780.06
367,463.7,3,3,6,2,1,11,5267.9
393,362.4,4,1,4,1,1,2,4153.29
267,245.4,1,1,2,1,0,5,3394.84
255,275.7,3,3,7,1,2,12,3438.76
255,275.0,3,0,7,1,0,2,3157.87
438,476.2,4,1,1,1,3,2,4809.48
223,389.4,7,0,1,2,4,7,4827.79
175,218.5,7,0,1,1,4,1,2556.0
212,65.5,4,0,3,2,3,12,1330.35
137,179.8,5,0,2,2,4,11,1961.6
226,248.7,1,3,7,1,4,3,3180.5
101,124.0,4,1,7,2,3,3,2040.0
90,127.2,5,3,2,1,1,10,1987.97
375,393.0,5,1,6,1,2,7,5097.93
84,100.3,7,3,1,2,4,10,1949.55
305,367.9,4,0,6,2,3,12,4094.41
400,382.1,7,0,3,1,1,5,4790.7
376,329.7,7,0,1,2,0,4,4125.27
250,481.7,5,3,3,2,0,8,5186.42
137,106.9,1,2,6,2,1,8,1986.04
468,495.0,3,2,7,2,4,6,6376.3
425,340.3,6,3,1,1,2,4,4834.99
325,353.2,5,1,6,1,0,4,4796.92
89,43.7,7,2,3,1,4,7,1670.82
65,54.0,6,2,4,2,2,6,1693.08
191,284.2,1,2,1,2,1,6,3760.94
120,173.0,7,2,7,2,4,2,2622.57
437,496.8,3,1,6,2,1,11,5352.59
142,38.0,6,0,5,2,3,9,839.19
177,325.6,4,0,6,1,4,12,3486.57
489,425.6,4,2,7,1,2,10,4873.16
418,545.0,1,2,2,2,3,8,5639.62
148,239.5,1,2,2,1,1,4,3184.55
222,282.4,5,2,1,2,4,8,3227.49
282,242.2,4,0,4,1,0,7,2979.34
348,378.6,4,1,4,2,1,12,4329.79
471,458.0,2,1,1,2,4,3,4993.55
442,464.0,4,3,5,2,2,1,5016.91
489,491.5,1,2,1,2,0,2,5208.01
68,30.0,2,2,6,2,2,3,1229.27
156,254.5,4,2,5,2,1,8,3053.7
303,317.3,5,1,6,1,2,2,3801.05
72,58.1,5,3,1,2,1,2,1606.49
209,189.8,7,2,7,2,1,5,2970.91
119,164.1,6,3,4,1,4,10,2468.16
469,426.4,3,2,7,1,0,6,5483.0
78,30.0,6,2,5,1,3,4,1205.93
116,164.5,1,0,5,2,0,4,2042.79
137,193.3,7,2,1,2,2,10,2499.04
116,122.0,3,0,5,1,3,6,1807.72
305,244.6,6,2,4,2,4,5,3799.21
213,239.2,7,2,6,1,1,10,3200.55
460,377.5,5,2,5,2,0,5,5199.1
167,115.1,7,1,1,1,3,5,2186.69
291,258.5,1,0,7,1,4,10,2933.51
347,426.1,2,2,1,1,2,4,5346.51
331,325.6,5,2,3,1,0,7,4366.3
408,396.6,4,1,2,1,2,8,4290.15
140,296.8,1,2,7,2,1,3,3597.65
278,322.7,6,3,2,1,2,2,3630.86
410,453.7,1,2,6,1,0,11,4677.79
438,432.1,7,0,2,2,1,4,5372.71
328,306.3,2,3,5,1,4,5,4357.62
343,210.0,4,1,1,1,0,8,2510.76
438,525.8,6,2,3,2,4,2,5597.7
331,382.4,4,3,5,1,2,1,4347.8
476,483.5,6,1,5,2,2,5,6175.12
107,117.4,5,2,7,1,4,12,2113.52
206,277.5,7,0,6,2,1,7,3814.59
100,30.0,4,3,4,1,4,7,1319.27
90,68.7,7,0,3,2,1,8,1085.35
262,202.5,4,2,2,2,1,11,2570.29
151,295.0,7,1,7,2,2,11,3550.91
233,314.3,6,0,5,1,3,1,3480.89
247,112.8,1,1,7,1,1,7,2084.75
329,243.0,5,3,4,2,3,7,3922.26
475,485.7,7,0,4,1,0,3,5076.22
432,418.9,1,1,6,1,3,12,4423.08
220,147.3,6,0,6,2,3,4,2483.26
196,352.1,1,0,2,1,2,11,3486.36
396,437.9,7,0,4,1,3,2,4505.76
105,158.2,6,2,2,2,3,8,2346.46
293,264.6,2,3,6,2,4,9,3441.89
240,310.6,6,2,1,2,1,7,4210.52
132,125.4,1,3,6,2,2,2,2082.43
327,327.2,4,2,7,1,2,2,3998.13
194,256.8,7,1,1,1,1,8,3007.73
133,39.0,2,3,5,2,4,11,1330.11
343,474.8,2,0,1,2,2,8,4784.53
128,160.8,3,2,3,1,2,2,2245.45
352,461.7,3,0,3,2,0,10,4729.42
122,66.7,1,3,4,2,2,6,1934.99
245,200.4,4,0,7,1,3,1,2417.19
413,351.7,2,0,4,2,2,5,4525.21
152,189.5,1,1,3,1,3,3,2088.49
395,419.6,2,2,1,1,0,12,4540.48
374,361.5,1,0,7,2,0,11,3850.07
456,405.0,7,1,3,1,1,2,4715.07
125,56.3,7,1,4,1,1,7,1476.21
371,387.6,3,2,1,2,4,1,4478.53
471,458.4,7,3,3,1,4,6,5919.41
393,365.0,4,2,4,1,2,2,4193.45
134,262.3,7,2,7,2,2,9,3146.07
419,433.2,2,1,3,1,1,1,4900.41
98,206.9,2,3,4,2,2,11,2640.19
314,296.7,6,0,7,1,3,3,3422.31
273,310.1,2,0,3,2,3,4,3878.85
288,304.1,6,0,3,1,4,11,3210.62
283,184.2,3,1,1,2,2,11,2392.64
64,184.0,3,1,7,2,1,2,2312.04
278,288.5,4,3,1,2,0,2,3584.91
471,543.2,6,2,2,1,3,11,5552.79
246,213.4,1,1,1,1,4,12,2523.7
174,182.5,6,0,5,2,2,6,2774.37
497,456.3,6,2,3,1,4,2,5250.81
94,200.5,6,1,5,2,1,2,2626.23
268,309.8,7,3,5,2,0,4,4334.46
280,325.7,6,1,1,2,3,9,3859.4
265,380.1,4,2,3,1,0,2,4149.27
464,564.9,4,3,1,2,0,8,6255.41
239,312.6,3,1,1,2,3,10,3474.3
487,407.5,6,1,4,1,2,2,4361.03
80,51.3,3,2,2,2,3,12,1397.59
380,329.7,5,1,1,1,3,12,3735.55
316,386.9,1,0,3,1,1,4,4480.11
158,189.9,3,1,4,1,3,2,2196.78
152,74.7,2,0,7,2,2,4,1719.16
373,379.8,4,2,5,2,2,4,4989.26
336,251.4,4,0,3,2,3,4,3643.35
325,341.3,6,1,4,2,1,12,3844.74
72,30.0,4,3,1,2,2,2,1132.07
319,376.0,2,2,3,1,2,4,4956.31
491,537.5,4,2,5,1,0,10,5737.55
57,210.6,1,2,1,1,1,1,2420.33
261,340.4,6,1,7,2,0,1,3685.28
272,262.4,6,2,4,1,0,4,3697.59
453,530.3,2,0,6,1,2,12,5414.22
177,99.2,2,2,2,1,4,11,1596.64
264,216.6,1,2,6,2,4,12,2835.45
372,415.3,3,3,3,2,3,11,4735.57
77,30.0,1,3,7,2,2,2,1272.37
410,427.4,7,0,4,1,1,5,5403.92
419,367.6,1,1,5,1,1,7,4644.47
373,400.1,5,2,2,2,3,2,4474.49
341,285.6,4,1,7,1,4,12,3792.34
386,435.7,2,2,2,2,4,8,4755.94
401,422.4,6,3,1,2,1,11,4864.61
456,574.0,1,1,4,1,2,4,6638.8
242,262.5,7,3,6,2,2,9,3470.45
255,221.2,6,3,7,1,0,2,3099.13
337,339.7,5,3,6,1,0,1,4230.58
136,61.9,7,0,4,2,0,8,1294.29
435,483.4,3,1,7,2,3,1,5329.37
396,457.3,2,0,4,1,1,4,5470.45
333,525.8,2,0,4,2,3,10,5240.54
185,161.5,7,0,2,2,1,6,2470.58
206,207.3,3,1,6,1,3,5,3123.84
245,224.7,6,0,3,2,0,4,2938.9
348,382.8,3,1,2,2,1,9,4459.74
